dist,height
0.0,nan
0.028160255680659187,nan
0.17863370342687473,nan
0.5365444995524605,nan
1.0257260842934635,nan
1.5490890871734906,nan
2.05840860861006,nan
2.575367158290252,nan
3.090070711165038,nan
3.3444307437888448,nan
3.6035619878115046,nan
3.8624786083550036,nan
4.116458793672057,nan
4.369478000860058,nan
4.62654828138646,nan
4.886752398065611,nan
5.1439386660418105,nan
5.402425196150337,nan
5.657877428859695,nan
5.92078896769679,nan
6.178712325395965,nan
6.559381373269892,nan
6.687350297389842,nan
7.009428864037355,nan
7.204537875533726,nan
7.461932457480435,nan
7.781916473465904,nan
8.232836024117084,nan
8.740359603586112,nan
9.25141962079334,nan
9.831389016817512,nan
10.273891473049536,nan
10.78535159371265,nan
11.295109472687727,nan
11.55243411580434,nan
11.864583599941469,105.66
12.05354860611596,104.78999999999999
12.306635324084324,104.42000000000002
12.62579276718892,104.37
13.142397992756118,104.35
13.331806254217769,104.39
13.654399657253336,104.35
13.847413946293367,104.38
14.164380184109715,104.34
14.359348522826513,104.34
14.61643886177478,104.34
15.18846542610543,104.33000000000001
15.448741372681466,104.34
15.898372841269008,104.39
16.409217501148554,104.33000000000001
16.920969416673504,104.33000000000001
17.496603927619784,104.38
17.685959544226034,104.34
17.938387580827882,104.39
18.1978564397019,104.37
18.452139686226094,104.39
18.70937144855487,104.35
19.22787895218815,104.38
19.482257826032384,104.36
19.734495407787858,104.33000000000001
19.988588244295794,104.41000000000001
20.245773509550087,104.38
20.507238551301832,104.37
20.76090607367607,104.38
21.014382693764766,104.35
21.26971288005553,104.35
21.52599326395881,104.4
21.78507803520566,104.37
22.038506528347153,104.36
22.293933098491166,104.36
22.55031044132209,104.37
22.804208690502723,104.4
23.314201551843894,104.36
23.82947727080894,104.36
24.34251199034315,104.34
24.85788112450456,104.36
25.364687421689233,104.39
25.877059261052057,104.37
26.392665761533067,104.38
26.896523065258826,104.35
27.39967010750312,104.39
27.64881670162396,104.39
27.900912404435807,104.39
28.15819220049469,104.4
28.413616911614753,104.41000000000001
28.667900132378023,104.39
28.9210418899458,104.36
29.183458979360207,104.35
29.441026103041995,104.38
29.694742497620688,104.42000000000002
29.94607750607749,104.41000000000001
30.20425926918255,104.42000000000002
30.454547821302484,104.39
30.714728486509532,104.44
30.970057991550483,104.37
31.22519543573747,104.45000000000002
31.484712623748052,104.41000000000001
31.740993620238168,104.37
31.995084200545556,104.43
32.25502549991242,104.4
32.51634771926269,104.34
33.024443522942214,104.4
33.537429388669615,104.43
34.05132398307003,104.44
34.557988714622844,104.4
35.074642193470766,104.4
35.58311256762117,104.46000000000001
36.09362927165956,104.43
36.60319454637805,104.45000000000002
36.86323124740966,104.4
37.11627757467066,104.41000000000001
37.37165516805484,104.45000000000002
37.694338182278784,104.44
37.887643421041645,104.48
38.14592203630685,104.46000000000001
38.40106136554041,104.39
38.655536343452795,104.45000000000002
38.90986755310278,104.43
39.16809736252196,104.46000000000001
39.41924023874636,104.45000000000002
39.678422259459865,104.44
39.932849109473764,104.44
40.194268098822256,104.44
40.69974212449017,104.44
41.21230551667791,104.45000000000002
41.731435513291416,104.47
42.237004498425314,104.41000000000001
42.75341813235522,104.48
43.264173642865295,104.49000000000001
43.7734987977886,104.47
44.28672579904728,104.51
44.8014273991354,104.49000000000001
45.30918641953307,104.46000000000001
45.56556368574847,104.51
45.82703084425174,104.5
46.0826495115027,104.53
46.33812445492372,104.52000000000001
46.59126400946855,104.51
46.85034885675879,104.55000000000001
47.10534328502447,104.52000000000001
47.36371752723809,104.55000000000001
47.619239326137915,104.53
47.87961179876044,104.56
48.134893819348974,104.6
48.38703497839065,104.63000000000001
48.89940479187861,104.59
49.15773130444487,104.68
49.40992105842712,104.75
49.665203130562155,104.76
49.92043738790757,104.85000000000001
50.17971486567057,104.95
50.43418964353448,113.47
50.690614693451884,113.97
50.94589685146391,114.06
51.2661520108541,114.04
51.71616330510221,114.06
51.9703504991067,114.07000000000001
52.22563283484462,114.07000000000001
52.48191380847311,114.07000000000001
52.73738653934228,114.10000000000001
52.99266864387941,114.09
53.25013977446444,114.13000000000001
53.50870578700255,114.10000000000001
53.767609775774865,114.14000000000001
54.02332668394274,114.08000000000001
54.28043345442259,114.11000000000001
54.53919962742394,114.17000000000002
55.054198986090064,114.15
55.56590880207036,114.17000000000002
56.08346330247447,114.15
56.5909322506707,114.17000000000002
57.10283899247042,114.18
57.611207017385084,114.16
58.122279841726794,114.19
58.63208992522781,114.17000000000002
59.1508388444323,114.18
59.406316549673406,114.19
59.66269543022675,114.17000000000002
59.91712611599458,114.14000000000001
60.17645200574723,114.16
60.43153631176358,114.12
60.68762063221791,114.11000000000001
60.93885825973441,114.17000000000002
61.19928149905031,114.15
61.45471121891307,114.16
61.71009114399363,114.23
61.967124493557066,114.10000000000001
62.22415939970584,114.2
62.477199753189964,114.17000000000002
62.72734162229419,114.18
63.231474259264274,114.13000000000001
63.74474356368531,114.14000000000001
64.25455117732908,114.10000000000001
64.77006055269673,114.14000000000001
65.28167157020414,114.14000000000001
65.79752084235393,114.13000000000001
66.3070856771733,114.12
66.81955015562437,114.10000000000001
67.07412447434555,114.11000000000001
67.33155004899263,114.11000000000001
67.58702678029269,114.11000000000001
67.84920271454926,114.15
68.10248712785753,114.15
68.3568185991712,114.10000000000001
68.61205140498278,114.09
68.87023247383443,114.12
69.12451580300579,114.09
69.3817465404266,114.05000000000001
69.63707722901643,114.11000000000001
70.14963853078645,114.11000000000001
70.65910664592357,114.14000000000001
71.17466474806888,114.11000000000001
71.4290448067171,114.09
71.68128125947527,114.11000000000001
71.93351834159094,114.13000000000001
72.19364909741022,114.11000000000001
72.45397383856871,114.14000000000001
72.71035160140542,114.13000000000001
72.96648697861232,114.10000000000001
73.47371568799281,114.13000000000001
73.73099534117249,114.15
73.9891289717618,114.13000000000001
74.2445559216297,114.19
74.50088502158884,114.16
74.75521657382848,114.16
75.1396860919714,114.14000000000001
75.52810265060283,114.19
75.79237455707532,114.21000000000001
76.04480526636912,114.22
76.2980897663893,114.2
76.55147052800488,114.18
76.81469449265549,114.19
77.07007344618273,114.19
77.57350001772512,114.21000000000001
78.08701198662938,114.2
78.6003311761471,114.19
79.10984827440892,114.18
79.61946150282606,114.15
80.13402105223473,114.14000000000001
80.64373089707593,114.18
81.1601431492084,114.18
81.4154733880483,114.22
81.66880613796188,114.17000000000002
81.92513527605554,114.23
82.18545978456285,114.2
82.4417888270263,114.23
82.69792472003151,114.19
82.94921138865637,114.23
83.20744170445333,114.18
83.46296477480296,114.22
83.7193902390599,114.2
83.97766884714054,114.23
84.23485204474453,114.19
84.4901342524676,114.24000000000001
84.74142081650507,114.26
85.25507807749635,114.18
85.77344004410689,114.28
86.27586853807964,114.19
86.79133086892952,114.21000000000001
87.30679318357762,114.24000000000001
87.81526341132275,114.25
88.32473296874437,114.22
88.84000335434482,114.22
89.09319188916739,114.26
89.345333817721,114.28
89.60056810087757,114.24000000000001
89.8597978352945,114.22
90.1180765551507,114.27000000000001
90.37145665529576,114.26
90.625692080116,114.24000000000001
90.87987966541328,114.23
91.1402038674481,114.21000000000001
91.39458275521585,114.2
91.65286136831736,114.23
91.90514689613417,114.28
92.16437662133889,114.24000000000001
92.41875550990717,114.24000000000001
92.67132821428643,114.26
92.92765705644365,114.28
93.18898022835103,114.28
93.44526117465774,114.26
93.95487433337347,114.28
94.20830252690045,114.30000000000001
94.46948182878954,114.30000000000001
94.72476394269874,114.29
94.98004602020363,114.30000000000001
95.23637488900971,114.33000000000001
95.7490326739649,114.30000000000001
96.2614986949611,114.35000000000001
96.77715309410584,114.35000000000001
97.28790899695603,114.34
97.54309506571954,114.34
97.79942390934622,114.34
98.05489786848996,114.35000000000001
98.31127480101149,114.35000000000001
98.56575044101271,114.32000000000001
98.8279764085049,114.33000000000001
99.08425722585804,114.33000000000001
99.33958714430013,114.35000000000001
99.59482113543855,114.32000000000001
99.85504951177981,114.38000000000001
100.11147479684833,114.35000000000001
100.36965719778063,114.38000000000001
100.62598611193829,114.37
100.87717659113979,114.34
101.38574304605159,114.36000000000001
101.90239638497222,114.36000000000001
102.41685991085646,114.38000000000001
102.92057620320632,114.34
103.44108085765538,114.4
104.0094822840687,114.36000000000001
104.20164515016066,114.29
104.71406314817507,114.39000000000001
104.9711993310546,114.35000000000001
105.22852714449631,114.31
105.4858069599887,114.33000000000001
105.74023399822794,114.36000000000001
105.99261529936885,114.36000000000001
106.2518448451602,114.36000000000001
106.51216916859782,114.34
106.7675471339489,114.31
107.01888155367725,114.34
107.27311676277517,114.38000000000001
107.52640110224092,114.37
107.78953031718804,114.36000000000001
108.04486031737001,114.38000000000001
108.55476124979502,114.39000000000001
109.06732292029542,114.36000000000001
109.57783909167036,114.35000000000001
110.09354144090379,114.37
110.6102426043809,114.4
111.12309256855659,114.4
111.3767134952365,114.42
111.63194737170896,114.44
111.88822852293265,114.43
112.14931118825474,114.42
112.4056401120513,114.38000000000001
112.658924382403,114.41
112.91325552387549,114.39000000000001
113.17248488038071,114.43
113.4290542541901,114.43
113.68842761688632,114.44
113.941808134679,114.43
114.19594690268126,114.37
114.4439966883366,114.41
114.6930937545936,114.43
114.94219121367054,114.43
115.19923206775294,114.44
115.45755813284809,114.4
115.71288813265356,114.38000000000001
115.96721928631382,114.39000000000001
116.21955264498311,114.38000000000001
116.47992505577946,114.42
116.73863525842675,114.41
117.25873029331333,114.41
117.78124900849032,114.44
118.29480895626823,114.44
118.8109008550983,114.47
119.3204173391964,114.42
119.83039923992575,114.44
120.34115702036438,114.43
120.86061364646466,114.46000000000001
121.1156049607151,114.46000000000001
121.36789050650918,114.49000000000001
121.62012757763412,114.43
121.87645686103612,114.5
122.13678140920531,114.48
122.39430301692967,114.45
122.64953617523386,114.47
122.89892190332671,114.45
123.15595957159361,114.48
123.41133827165152,114.46000000000001
123.66566971475956,114.44
123.92109687216298,114.48
124.18312882191364,114.45
124.43427056482471,114.44
124.68336633649253,114.44
124.93850344069276,114.46000000000001
125.19388194716225,114.48
125.70953661914436,114.43
126.22338691779744,114.48
126.48380801509732,114.5
126.74237680428752,114.46000000000001
126.995709411775,114.5
127.25308586042226,114.48
127.51141276372087,114.5
127.7677420204333,114.56
128.27750113718307,114.55000000000001
128.53448984611097,114.53
128.78857946650393,114.52000000000001
129.03972086919595,114.5
129.2949062028354,114.52000000000001
129.55332971406025,114.49000000000001
129.8157970818652,114.52000000000001
130.07222302244242,114.53
130.32450858146368,114.52000000000001
130.57979063775528,114.54
130.83697337526576,114.53
131.09530009882124,114.51000000000002
131.35162924379736,114.5
131.61185694685716,114.54
132.12332321736386,114.53
132.629940081416,114.54
133.14540150527168,114.48
133.66149197506363,114.53
134.17766173622198,114.53
134.68593803734672,114.5
135.2026402220016,114.48
135.71115808952482,114.55000000000001
135.96719749263053,114.54
136.22057828757005,114.52000000000001
136.48080624029154,114.49000000000001
136.73818258994083,114.55000000000001
136.99646110027805,114.5
137.25283879760008,114.5
137.5138240323496,114.55000000000001
137.7640638228998,114.5
138.01630113866986,114.46000000000001
138.2727267576654,114.48
138.53305137764056,114.43
138.79147478501696,114.49000000000001
139.04685300286374,114.45
139.30028206719467,114.5
139.55451686706525,114.5
139.81355279442693,114.5
140.06778768510625,114.47
140.32192638714736,114.47
140.83629335153637,114.45
141.0892887252608,114.47
141.59566497954663,114.45
142.11679481328025,114.48
142.6306445964541,114.47
143.14244863771194,114.46000000000001
143.65091848296692,114.54
144.15653625833272,114.49000000000001
144.6689534177945,114.46000000000001
144.92942229236962,114.49000000000001
145.18784566898154,114.47
145.4391321653151,114.45
145.6902741503358,114.45
145.94331740782104,114.44
146.20154785090338,114.39000000000001
146.4595375555993,114.45
146.7150604062173,114.5
146.97039064042798,114.42
147.22986086728466,114.47
147.49323003107634,114.48
147.7487527324681,114.51000000000002
148.00817472693862,114.5
148.25946146536484,114.54
148.51959331347499,114.53
148.77402110247607,114.52000000000001
149.03039838569848,114.54
149.28672735712308,114.60000000000001
149.54371741066223,114.58000000000001
149.7950041389899,114.55000000000001
150.30452130591414,114.52000000000001
150.82297973783704,114.57000000000001
151.32959667229673,114.60000000000001
151.84339828586556,114.55000000000001
152.3527709003023,114.59
152.85686023859054,114.58000000000001
153.35557213873906,114.53
153.61075828534928,114.55000000000001
153.86799014089968,114.52000000000001
154.12926540083163,114.54
154.3858823403228,114.51000000000002
154.63721694663286,114.51000000000002
154.8902613110327,114.5
155.14744518038316,114.53
155.407721359011,114.53
155.6632434487988,114.51000000000002
155.92076329661808,114.53
156.18532344301752,114.5
156.44303588207435,114.51000000000002
156.6997017099905,114.54
157.20698024578934,114.52000000000001
157.46092681678206,114.51000000000002
157.97044411218192,114.52000000000001
158.49265791512238,114.53
158.99642210754303,114.51000000000002
159.50703421793034,114.51000000000002
159.75898367853998,114.52000000000001
160.01393001860805,114.53
160.26540853534178,114.46000000000001
160.51993173123392,114.49000000000001
160.7789692745914,114.5
161.03624913043646,114.53
161.55266243240933,114.53
162.12016115832108,114.5
162.31127726070054,114.49000000000001
162.56874871881126,114.55000000000001
162.83421106757632,114.54
163.09063576735483,114.56
163.34406415906273,114.59
163.59754042772158,114.52000000000001
163.85700983784614,114.5
164.11576912655286,114.51000000000002
164.37918623414583,114.54
164.6366587762276,114.51000000000002
164.89203736687833,114.53
165.14727140343552,114.56
165.40036323418397,114.53
165.90954340543522,114.52000000000001
166.42624489544912,114.54
166.93067157356074,114.58000000000001
167.44351216455058,114.57000000000001
167.94360863694695,114.54
168.46330631030602,114.55000000000001
168.97886469615068,114.58000000000001
169.2319575612124,114.58000000000001
169.49018836794062,114.57000000000001
169.7434249124248,114.57000000000001
169.99685285910442,114.54
170.25780004745744,114.57000000000001
170.52435739799756,114.59
170.78197343396639,114.59
171.03545009441757,114.56
171.28678453984708,114.59
171.5403092716111,114.60000000000001
171.7964456238836,114.55000000000001
172.05248607329102,114.56
172.3078641763051,114.56
172.55915088166145,114.51000000000002
172.81338605848796,114.55000000000001
173.06362593277655,114.55000000000001
173.3127229663189,114.53
173.5707139410333,114.56
173.82490133752415,114.49000000000001
174.07594844205215,114.49000000000001
174.3280424401077,114.49000000000001
174.83608264886283,114.51000000000002
175.3515939762168,114.49000000000001
175.85825817970562,114.53
176.37006045244755,114.49000000000001
176.89399215631943,114.52000000000001
177.15855121613518,114.55000000000001
177.66750124037878,114.48
177.92387798437846,114.55000000000001
178.18206079457045,114.5
178.43838975680094,114.49000000000001
178.694055597829,114.46000000000001
178.95162339302766,114.48
179.2082405276052,114.53
179.46499185635062,114.5
179.7148960826564,114.56
179.96784488624627,114.52000000000001
180.22198428327215,114.51000000000002
180.48002359818108,114.48
180.73202211561735,114.52000000000001
180.98116787389787,114.46000000000001
181.23625892740117,114.51000000000002
181.48640311880115,114.49000000000001
181.74653652545896,114.46000000000001
182.0061480609927,114.51000000000002
182.2681406362615,114.48
182.79916965073994,114.54
183.31469114339964,114.49000000000001
183.8387220310237,114.52000000000001
184.09814416500777,114.53
184.3545215122211,114.53
184.61313801839785,114.56
184.87670061151567,114.5
185.13117687196828,114.55000000000001
185.38641045394886,114.55000000000001
185.63607040928224,114.53
185.88977494203385,114.53
186.14571874206507,114.55000000000001
186.455130674916,114.57000000000001
186.90033697133882,114.54
187.1581828881655,114.54
187.41332089528748,114.54
187.91803597047303,114.57000000000001
188.44744509544296,114.51000000000002
188.96095740919606,114.54
189.47166593979162,114.54
189.9871411990822,114.57000000000001
190.51069014887327,114.58000000000001
191.01321510827464,114.56
191.52334512011845,114.57000000000001
191.77200818941225,114.60000000000001
192.0241013440761,114.53
192.27933531453658,114.60000000000001
192.53485788552678,114.63
192.79603691725615,114.59
193.05046456561558,114.59
193.30579450445867,114.55000000000001
193.56507181565584,114.59
193.82449361471322,114.60000000000001
194.0777298249338,114.58000000000001
194.33505773277244,114.59
194.59038793064778,114.56
194.85261375203564,114.61000000000001
195.11289005342522,114.59
195.3706995483202,114.59
195.6273175709364,114.61000000000001
195.88274433956659,114.57000000000001
196.45170948861707,114.62
196.89896152595625,114.62
197.41247413727433,114.58000000000001
197.9218470457468,114.59
198.43988405056078,114.58000000000001
198.94769235655886,114.59
199.45692057434357,114.62
199.71519902350948,114.58000000000001
199.97367012184378,114.58000000000001
200.23309198531595,114.57000000000001
200.49041988334503,114.59
200.74684535752982,114.62
201.00426983275753,114.62
201.25935909169542,114.62
201.5153992527618,114.62
201.76454385000352,114.63
202.0198739332346,114.63
202.2772981182021,114.59
202.53942760114634,114.62
202.79432478498998,114.60000000000001
203.04765724824307,114.64000000000001
203.30313167533842,114.64000000000001
203.56079643683847,114.64000000000001
203.8191712425502,114.66
204.07045772967726,114.65
204.32330890282682,114.63
204.8390115212432,114.64000000000001
205.36009355276403,114.67
205.87517059859357,114.65
206.37489175284864,114.66
206.88679181861755,114.64000000000001
207.40505786021708,114.67
207.66343271023908,114.67
207.918004708587,114.72000000000001
208.1731904857107,114.73000000000002
208.42552404396156,114.68
208.67876012905575,114.71000000000001
208.93679797249692,114.65
209.19203192521456,114.72000000000001
209.45226021697644,114.73000000000002
209.70773491457106,114.73000000000002
209.96520724634357,114.68
210.21858793646197,114.72000000000001
210.48232999708077,114.74000000000001
210.7354220557142,114.71000000000001
210.98746722258173,114.74000000000001
211.2398008259807,114.7
211.7504610172077,114.71000000000001
212.26906399426176,114.73000000000002
212.7916739795051,114.75
213.292297500402,114.73000000000002
213.54724244063652,114.76
213.8112734165343,114.71000000000001
214.06779475904355,114.7
214.44841341684017,114.7
214.83159561386682,114.73000000000002
215.08554219658745,114.74000000000001
215.34267762800758,114.69
215.5939161247367,114.73000000000002
215.84800704894172,114.71000000000001
216.10109933315934,114.69
216.35462376616775,114.7
216.6110488109967,114.7
216.87470615542054,114.67
217.1413122646172,114.65
217.40306906987303,114.73000000000002
217.66568075376512,114.73000000000002
217.91577557166437,114.73000000000002
218.16881889949352,114.7
218.4249550509282,114.68
218.67943090514936,114.67
218.9356636548737,114.76
219.19051252050122,114.69
219.43732275526878,114.69
219.68727437200363,114.7
219.94516903082913,114.68
220.2043986527063,114.71000000000001
220.70507028838279,114.7
221.22563266719342,114.67
221.7499992040586,114.73000000000002
222.24867308040334,114.69
222.75000701234555,114.68
223.2591396427031,114.71000000000001
223.51013801167943,114.67
223.7588990185642,114.68
224.00685335498108,114.65
224.25899492773976,114.65
224.5168903334446,114.67
224.77792630505334,114.69
225.03325629337544,114.64000000000001
225.29301266572824,114.66
225.55805135707303,114.7
225.81980654938133,114.67
226.07922811483584,114.67
226.3364598667214,114.68
226.597168656186,114.69
226.85597645422524,114.73000000000002
227.36420600217616,114.72000000000001
227.86106444278715,114.72000000000001
228.36367737011068,114.68
228.86691424056906,114.68
229.38894477938555,114.69
229.90797897202262,114.71000000000001
230.42273051719528,114.68
230.94675982355758,114.68
231.46655374373205,114.67
231.9550858937997,114.71000000000001
232.20727559661003,114.7
232.461271389451,114.7
232.71541107971342,114.68
232.9624629720419,114.71000000000001
233.21893566561013,114.7
233.4813531976376,114.68
233.74191701746608,114.72000000000001
233.9991967187067,114.68
234.26132699402177,114.7
234.5241280231098,114.71000000000001
234.7879287569955,114.72000000000001
235.04164548011485,114.72000000000001
235.54716730625313,114.72000000000001
235.80482159192587,114.71000000000001
236.05367896306973,114.73000000000002
236.30363146172763,114.69
236.557866918435,114.7
236.81700049405237,114.72000000000001
237.07142729776612,114.71000000000001
237.33070468019935,114.69
237.59217165134038,114.7
238.1028796528929,114.77000000000001
238.61406730953647,114.72000000000001
238.87248990622592,114.72000000000001
239.38342957063674,114.71000000000001
239.63771280205458,114.74000000000001
239.89623095205144,114.73000000000002
240.14818081551232,114.74000000000001
240.4003225330615,114.75
240.65840953725262,114.73000000000002
240.92116267775233,114.74000000000001
241.4351550810279,114.67
241.6883915085704,114.73000000000002
241.94357762709882,114.73000000000002
242.20299907309158,114.75
242.4632754315589,114.81
242.72169792995436,114.72000000000001
243.23616142753116,114.79
243.7483395984473,114.73000000000002
244.248675746666,114.72000000000001
244.76547260796406,114.72000000000001
245.27618058221634,114.73000000000002
245.7859785260339,114.66
246.04373713021025,114.68
246.36841904351294,114.69
246.55259095981936,114.69
246.80863220317073,114.69
247.0648173698554,114.72000000000001
247.31810180009063,114.73000000000002
247.5724329585182,114.7
247.83475492755247,114.72000000000001
248.09522294675486,114.71000000000001
248.3527903487295,114.75
248.60683394870705,114.74000000000001
248.85712199171638,114.72000000000001
249.17119262667586,114.68
249.61464210658798,114.69
249.86407483669998,114.72000000000001
250.1169760492078,114.69
250.42686032652327,114.74000000000001
250.87749336678252,114.72000000000001
251.39595236598382,114.7
251.92440630077903,114.74000000000001
252.43377999190201,114.74000000000001
252.93859053335456,114.75
253.4527191035835,114.76
253.95581325498338,114.72000000000001
254.46704153190447,114.69
254.9957822494325,114.76
255.2708092869218,114.73000000000002
255.54517488107655,114.78
255.80902466293094,114.76
256.06269404386103,114.76
256.3160747709749,114.77000000000001
256.5713088811763,114.77000000000001
256.8311999835689,114.82000000000001
257.07891293725356,114.79
257.3299113550541,114.7
257.6491195967881,114.69
257.83818971013585,114.76
258.09147410365955,114.72000000000001
258.35108782236625,114.75
258.6189327118183,114.75
258.8808332437919,114.79
259.39539269038687,114.76
259.9102412564769,114.74000000000001
260.4149448034809,114.74000000000001
260.9076636628369,114.72000000000001
261.4150872577939,114.69
261.9423051169856,114.74000000000001
262.4606302114662,114.76
262.9867065480687,114.72000000000001
263.2482707521552,114.74000000000001
263.51025563533574,114.83000000000001
263.7551163276269,114.75
264.00197479185647,114.75
264.24916992868685,114.74000000000001
264.498026363147,114.74000000000001
264.746220450831,114.7
264.9983139606741,114.73000000000002
265.26277770919916,114.79
265.5251957649217,114.78
265.7878060013288,114.76
266.04442323416595,114.74000000000001
266.3039411086513,114.72000000000001
266.5625083934348,114.76
267.0745892761047,114.75
267.5767301541747,114.77000000000001
268.0727341674271,114.75
268.32687340257223,114.69
268.5904341315975,114.76
269.11017992264806,114.73000000000002
269.30362962834346,114.74000000000001
269.56309921241075,114.76
269.8820291831229,114.77000000000001
270.07204975154315,114.78
270.3840738246245,114.77000000000001
270.8109659559598,114.80000000000001
271.3120132762278,114.74000000000001
271.6382137328988,114.76
272.1593895606029,114.82000000000001
272.4127699686636,114.80000000000001
272.67143223117455,114.77000000000001
272.93613590911707,114.78
273.19889031619437,114.81
273.4547869557233,114.80000000000001
273.70407603833746,114.76
273.8940969316426,114.76
274.2053624019778,114.80000000000001
274.39638229758066,114.80000000000001
274.7179721933023,114.77000000000001
274.91242063246256,114.80000000000001
275.17140999929484,114.86000000000001
275.42659594527186,114.84
275.6809272710029,114.80000000000001
276.197820639483,114.83000000000001
276.77016927588136,114.81
277.21571234690146,114.84
277.72399097125185,114.85000000000001
278.3109474454787,114.82000000000001
278.76038982251407,114.88
279.01676658760135,114.85000000000001
279.2723366106998,114.87
279.52647578717836,114.88
279.7777144895569,114.86000000000001
280.0966829739331,114.84
280.28784689136995,114.82000000000001
280.54312896593996,114.85000000000001
280.8006966266288,114.85000000000001
281.0581683157421,114.81
281.31977943614277,114.83000000000001
281.57582023675263,114.88
282.08115048687677,114.85000000000001
282.4066398192507,114.85000000000001
282.84894627698367,114.88
283.34837945716225,114.88
283.8752129087709,114.88
284.4615065733851,114.88
284.96593350258553,114.9
285.42122483970957,114.91
285.9142328916139,114.91
286.48743705265684,114.88
287.0134153693866,114.9
287.2151432289043,114.92000000000002
287.4768024119512,114.93
287.7299907083028,114.94000000000001
287.98836533617117,114.94000000000001
288.3057679773334,114.93
288.49474211673254,114.87
288.806335051709,114.88
288.9894602524459,114.92000000000002
289.24264880027636,114.93
289.497787064081,114.91
289.7523099493773,114.91
290.012969766871,114.95000000000002
290.2847611105344,114.85000000000001
290.5492248380642,114.9
290.8066966680788,114.92000000000002
291.0578393532805,114.91
291.31117175110194,114.88
291.5619784779902,114.9
292.0526060044663,114.86000000000001
292.56178821062736,114.84
293.09742650695523,114.84
293.623644957282,114.88
294.20860386637236,114.86000000000001
294.64387034011077,114.9
295.13440098707576,114.89
295.38739799795115,114.88
295.6447738181753,114.82000000000001
295.9051939574566,114.85000000000001
296.16176245254894,114.86000000000001
296.42318130841255,114.86000000000001
296.68583896775397,114.87
296.94968781596657,114.87
297.21186576077343,114.88
297.45877305603216,114.86000000000001
297.7654198761166,114.89
297.9494002427258,114.84
298.1985456990024,114.86000000000001
298.4468359708309,114.84
298.70540190796686,114.86000000000001
298.9728139580588,114.85000000000001
299.49979100827437,114.84
300.01288071181216,114.9
300.51682837072536,114.93
301.07176599110056,114.9
301.25922175096986,114.85000000000001
301.5157420318217,114.86000000000001
301.77478785677243,114.92000000000002
302.02945522912165,114.89
302.2881663942537,114.88
302.5574323297975,114.91
302.8169501431517,114.96000000000001
303.0704268994255,114.96000000000001
303.3848329696131,114.92000000000002
303.56985928612875,114.86000000000001
303.8218083449574,114.9
304.07899194288314,114.92000000000002
304.33946046643376,114.87
304.59598177421844,114.95000000000002
305.1064015798423,114.91
305.6244384305679,114.96000000000001
306.12867266396336,114.92000000000002
306.63914074201296,114.85000000000001
307.1588868354618,114.93
307.6684040017759,114.94000000000001
308.1770665331864,114.95000000000002
308.68487442859913,114.95000000000002
309.0048889791228,114.96000000000001
309.1959566537053,114.95000000000002
309.45528204411056,114.94000000000001
309.7147998062088,114.99000000000001
309.98150193358316,114.94000000000001
310.23692838538744,114.93
310.4929687722413,114.95000000000002
310.742209643299,114.99000000000001
310.9945912632566,114.97
311.2506317182345,114.96000000000001
311.4992961228003,114.94000000000001
311.8156519227347,115.0
312.01095520990924,114.98000000000002
312.2807498469927,114.95000000000002
312.549353558762,114.98000000000002
312.80577889802487,114.96000000000001
313.06196356152884,115.0
313.31848526539255,114.99000000000001
313.5737192256392,114.95000000000002
314.0726226289073,115.01
314.5697690163504,114.99000000000001
315.09550794798713,114.97
315.6229671871172,114.97
316.13258051962947,114.96000000000001
316.63262691801043,114.99000000000001
316.88338510720314,114.95000000000002
317.13153117436934,114.99000000000001
317.3827698584156,114.96000000000001
317.6444292554176,114.97
317.9120339543629,114.96000000000001
318.17983106727553,114.99000000000001
318.44439133073143,114.96000000000001
318.700816741972,114.96000000000001
318.95714581429274,114.95000000000002
319.2111404023989,114.97
319.4558087216447,114.94000000000001
319.69653027363313,114.92000000000002
320.00731573356256,114.91
320.45514434004644,114.94000000000001
320.9719032532287,114.93
321.48989193130166,114.9
321.98889215934145,114.83000000000001
322.4836097493949,114.84
322.73993859607776,114.85000000000001
323.06533179683646,114.87
323.25778235024757,114.88
323.5202484080402,114.88
323.7806687790363,114.85000000000001
324.0413292004587,114.83000000000001
324.2977542151657,114.87
324.6045920331381,114.87
324.7933742935653,114.84
325.0381404589314,114.82000000000001
325.287997124087,114.84
325.54627567213856,114.87
325.8098359119933,114.82000000000001
326.06959280497165,114.83000000000001
326.3312996618621,114.9
326.5908650972957,114.86000000000001
326.8542339178124,114.85000000000001
327.1116097374106,114.86000000000001
327.60437776226377,114.89
328.1065198910257,114.89
328.6223657787157,114.84
329.2123664338872,114.9
329.72702185444257,114.89
330.16119410069984,114.9
330.6658611907193,114.92000000000002
331.18670137099406,114.9
331.70830068299466,114.94000000000001
332.22095847342325,114.93
332.47804645419825,114.97
332.729141448416,114.97
332.9802363189143,114.93
333.2377556955394,114.91
333.49603431675166,114.92000000000002
333.75036552189727,114.94000000000001
334.004744711808,114.93
334.26236028156086,114.97
334.5272471787612,114.97
334.7836240021307,114.94000000000001
335.0359576418627,114.96000000000001
335.2851986428867,114.94000000000001
335.5498059513669,114.95000000000002
335.8161711457625,114.94000000000001
336.07683145078596,114.96000000000001
336.3328723303746,114.97
336.58420699878366,114.98000000000002
337.0927254525081,114.97
337.59167869335886,114.96000000000001
338.11208760557497,114.95000000000002
338.64049536344584,114.95000000000002
339.1512515265129,115.0
339.6473518474714,114.94000000000001
339.8953062885688,114.97
340.14806353410273,114.96000000000001
340.40153957495556,114.97
340.6650999941145,114.96000000000001
340.940223665381,114.94000000000001
341.21572275321665,114.96000000000001
341.47952409185535,114.98000000000002
342.0045046647778,114.98000000000002
342.2619287051951,114.95000000000002
342.51097719489223,114.99000000000001
342.7591711537417,114.99000000000001
343.0175939758776,114.92000000000002
343.28348986952466,114.96000000000001
343.8144642114406,114.93
344.32541367288013,114.96000000000001
344.81908128901455,114.97
345.06184809972837,114.96000000000001
345.3129905549457,114.92000000000002
345.8450592751038,114.97
346.10671932367916,114.93
346.37361460278703,114.99000000000001
346.632037723001,114.97
346.8841304657796,115.0
347.37285230858214,114.97
347.8759917643068,114.96000000000001
348.1376995873903,114.99000000000001
348.4043056938304,115.0
348.6698650213408,114.99000000000001
348.92943139121985,114.98000000000002
349.18965938584154,115.02000000000001
349.440609078281,114.99000000000001
349.6855658816932,115.01
349.93061898753587,114.96000000000001
350.17942724551943,115.0
350.4378500176601,114.97
350.70145935966684,115.0
350.9640700598852,115.02000000000001
351.2351893902432,114.99000000000001
351.4937566372979,114.99000000000001
351.7491349314168,114.98000000000002
352.24218947337926,115.01
352.7436196814905,114.98000000000002
353.2643164544079,114.97
353.78729962648464,115.0
354.30181117375054,115.03
354.80057047727536,115.0
355.31237381211486,114.96000000000001
355.8325526452014,114.97
356.09002490662385,114.99000000000001
356.3515406308776,114.97
356.6047768174173,115.02000000000001
356.86566685799295,115.0
357.11290998786365,114.99000000000001
357.3590100459201,114.97
357.62366649873724,114.99000000000001
357.8827996355791,114.97
358.1338938693181,115.01
358.3883213568768,115.02000000000001
358.649500299387,115.03
359.1588252486635,115.01
359.4091130814577,115.0
359.6738174415814,115.0
360.19080767559853,115.04
360.7061735734503,115.0
361.21768849960824,114.99000000000001
361.71583361666654,115.01
362.24485797040654,115.02000000000001
362.50822692319684,115.02000000000001
362.76650550319556,115.01
363.0179846536532,114.99000000000001
363.2671773268265,115.03
363.5184638694437,115.03
363.764419530003,115.06
364.00852188376035,114.98000000000002
364.26675235189936,115.02000000000001
364.54120482738296,114.94000000000001
364.8143814983176,114.99000000000001
365.0728526691625,115.0
365.3322746021764,115.01
365.5871232428736,114.99000000000001
365.83103298107443,115.01
366.0779394855691,114.99000000000001
366.32584504236115,115.0
366.84563910996684,114.95000000000002
367.11139059827605,115.04
367.37509654983427,115.0
367.6395126288794,114.99000000000001
367.8928931890368,115.01
368.13880044760293,114.98000000000002
368.3824698665777,115.0
368.87856954423364,115.0
369.4018406694802,114.95000000000002
369.9382420972453,114.95000000000002
370.19608744150713,114.93
370.44313811164056,114.96000000000001
370.6861455598253,114.94000000000001
370.92401471595235,114.96000000000001
371.1771069637781,114.93
371.43771952105243,114.93
371.7033265011224,114.94000000000001
371.97383180675496,114.98000000000002
372.24409665298924,114.94000000000001
372.49957108968596,114.96000000000001
372.7467180646934,114.96000000000001
373.0506549035935,114.99000000000001
373.4815415586158,114.93
373.7419619724283,114.93
374.0073766598728,114.94000000000001
374.27103393930986,114.93
374.79611094433733,114.95000000000002
375.2953030095101,114.95000000000002
375.7970595427804,114.92000000000002
376.30990929285934,114.92000000000002
376.81710225121157,114.98000000000002
377.32115499001645,114.96000000000001
377.8129235335922,114.99000000000001
378.07315185688606,114.93
378.33257332669626,114.97
378.6611072621534,115.02000000000001
378.8593589724293,115.01
379.1168788658717,114.98000000000002
379.3712581495863,115.0
379.62673240961317,114.96000000000001
379.87563714194675,114.98000000000002
380.248879183095,114.99000000000001
380.6327338774216,114.98000000000002
380.88002521135184,115.0
381.1371608869962,115.03
381.3852109219759,115.01
381.63920614501865,115.01
381.8931056971309,114.99000000000001
382.15033761727864,114.93
382.40880800002503,114.98000000000002
382.9339316605412,115.02000000000001
383.44259415589187,115.03
383.9467333289867,115.02000000000001
384.44511947610937,115.03
384.97837789283705,115.04
385.4977875863881,115.03
386.00078417795993,115.03
386.49398456638363,115.02000000000001
387.0254846776889,115.0
387.54994624822234,114.97
387.8107890118582,114.99000000000001
388.2997534238208,115.01
388.54680493732025,114.94000000000001
388.79980173477463,114.92000000000002
389.06650263933034,114.93
389.33315578820157,114.92000000000002
389.6028056995996,114.97
389.86279395320605,114.95000000000002
390.10918249382445,114.93
390.3503368334656,114.95000000000002
390.59534258744054,114.91
390.84034846724825,114.96000000000001
391.0945357902614,114.94000000000001
391.36837257755,114.92000000000002
391.9144721402873,114.89
392.4220397518468,114.96000000000001
392.8998731420004,114.9
393.40915062311404,114.88
393.9411701396543,114.92000000000002
394.4652951845068,114.93
394.9531649056633,114.94000000000001
395.19512644009166,114.91
395.4544518879514,114.9
395.71582287419346,114.89
395.97719387611204,114.92000000000002
396.2439428357234,114.88
396.50840650104766,114.91
396.7617869162805,114.94000000000001
397.00374814099683,114.98000000000002
397.2476592064452,114.89
397.49970511184034,114.91
397.76297797683486,114.95000000000002
398.02244714211787,114.93
398.5425284433269,114.92000000000002
399.06018034502017,114.98000000000002
399.302141618349,114.98000000000002
399.55537805665944,114.94000000000001
399.8224065669657,114.97
400.0789272243666,114.95000000000002
400.33435316620034,115.0
400.591872795742,114.93
400.8541947591418,114.97
401.1053855609521,114.99000000000001
401.60843022775305,115.01
401.8747475520203,114.96000000000001
402.1311244308254,115.0
402.38265087227614,115.02000000000001
402.64112137112875,114.95000000000002
402.8954045481284,115.01
403.1484011155198,115.0
403.3985451733806,114.98000000000002
403.65387522727934,114.98000000000002
403.9202404807167,115.0
404.18085248314276,115.03
404.44217559621546,115.04
404.6975056285868,115.04
404.95507334024103,115.01
405.20512126699487,115.04
405.45421839093007,115.03
405.9693931295807,115.05000000000001
406.4965622536063,115.06
406.9990396561152,114.98000000000002
407.49828083441037,115.03
408.0115538817498,114.98000000000002
408.5490471191923,115.01
409.0659883991824,115.02000000000001
409.55500074837323,115.03
410.0658443664871,115.0
410.60062930906474,115.01
410.8649970695971,115.03
411.1183775216087,115.02000000000001
411.3652846242619,115.0
411.6092433789601,114.98000000000002
411.85719768992755,115.0
412.1190880910517,114.97
412.3888815450776,114.97
412.659578291841,114.99000000000001
412.9283736933077,115.0
413.1857494953087,114.95000000000002
413.43384745204406,115.04
413.6748574871333,114.98000000000002
413.91467686710513,114.97
414.4321849832612,114.95000000000002
414.9637341961343,114.97
415.47115764153835,114.96000000000001
415.94918265216006,115.0
416.4674978062514,114.97
416.72711102350905,114.97
416.9990466523875,114.98000000000002
417.26075410347426,114.97
417.515988097462,115.0
417.75699811014545,115.02000000000001
417.99686543561546,115.01
418.24971811586437,114.95000000000002
418.5091395346104,114.94000000000001
418.768656856026,114.96000000000001
419.0321696135036,114.96000000000001
419.29573046359536,114.93
419.5479679941258,114.99000000000001
419.80415295230233,114.94000000000001
420.045307283631,114.97
420.3003974230812,114.96000000000001
420.5627193843981,114.96000000000001
421.08284904161087,114.99000000000001
421.3414157912797,114.99000000000001
421.5988876835422,114.97
421.85288272571995,114.99000000000001
422.1008368020609,114.97
422.35706973247176,114.98000000000002
422.61915177260954,114.99000000000001
422.86939160691213,114.96000000000001
423.1287169999219,114.99000000000001
423.38176147538525,114.96000000000001
423.88528563515865,115.01
424.40921861806913,115.01
424.931250107591,115.03
425.18501485353414,115.03
425.43069295244794,114.99000000000001
425.6711846225911,115.02000000000001
425.9176213377418,115.03
426.16686224529474,115.06
426.4364167246977,115.0
426.69973763994744,115.05000000000001
426.9599658106132,115.07000000000001
427.2114930324324,115.08000000000001
427.463537937448,115.03
427.7105406475272,115.09
428.2132101745578,115.04
428.7495153081809,115.02000000000001
429.2679258062498,115.07000000000001
429.7559859094461,115.04
430.2592696038053,115.03
430.7976683838946,115.0
431.3179803010767,115.08000000000001
431.8639736838441,115.08000000000001
432.04800136790357,115.04
432.3095648421395,115.05000000000001
432.579407783126,115.02000000000001
432.8451595536215,115.03
433.1114289660341,115.06
433.36323325473745,115.05000000000001
433.610428282116,115.05000000000001
433.8504390616656,115.06
434.1024361668568,115.0
434.3639035348126,114.99000000000001
434.6304614002567,115.01
434.9002565025687,115.04
435.16177225142377,115.06
435.4046830926374,115.07000000000001
435.886510159468,115.01
436.13855542705693,114.97
436.4042103600744,115.02000000000001
436.9397087654085,115.02000000000001
437.45597723313836,115.02000000000001
437.9396578080136,115.02000000000001
438.4533625985779,115.04
438.9845286146199,114.98000000000002
439.49333541477057,115.02000000000001
439.73790779281245,115.02000000000001
439.98895424430833,115.02000000000001
440.2475691823863,115.04
440.50404233673044,115.03
440.7655097316486,115.09
441.0189863327882,115.02000000000001
441.2671803374912,115.02000000000001
441.51756442864195,115.06
441.76347296488876,115.05000000000001
442.0176127916172,115.02000000000001
442.26818914997716,115.03
442.51961994582797,115.01
442.77984797865406,115.05000000000001
443.02918511876845,115.03
443.2834203407567,114.99000000000001
443.5387985328905,115.03
443.79726917253566,115.03
444.06629482882397,115.0
444.3266190067843,114.99000000000001
444.5842348419476,114.98000000000002
444.8406118386675,115.02000000000001
445.091754532703,115.04
445.59399160558706,115.02000000000001
446.1269623066959,115.04
446.6425204579162,115.04
446.899992379727,115.01
447.15227789758603,115.07000000000001
447.4095095033184,115.04
447.67825717360904,114.95000000000002
447.96451498416707,115.07000000000001
448.2323130364432,115.01
448.50357655987534,115.07000000000001
448.7564273367013,115.08000000000001
448.9946326861826,114.99000000000001
449.23778416112776,115.07000000000001
449.49187482534103,115.03
449.75657968060904,115.03
450.0281803498532,115.03
450.2917904525909,115.0
450.5451229710516,115.08000000000001
450.7916434207715,115.05000000000001
451.03250850132747,115.04
451.2807505367363,115.04
451.81277157468674,115.04
452.34703159079095,115.05000000000001
452.8460303038992,115.06
453.3349448299789,114.99000000000001
453.8623086553894,114.98000000000002
454.12872245212594,114.99000000000001
454.38923963271844,115.0
454.63638632428007,115.01
454.8743990125186,114.97
455.1140246245989,114.99000000000001
455.37910267819717,114.97
455.6467556572745,114.94000000000001
455.9196438529492,114.95000000000002
456.1891987026874,115.0
456.4437227227471,114.98000000000002
456.6806882516492,114.99000000000001
456.9196998828131,114.97
457.1666542662533,114.95000000000002
457.4246441874334,114.98000000000002
457.9538610755455,114.99000000000001
458.46128421601753,114.98000000000002
458.9625700272301,114.96000000000001
459.47927147805046,114.99000000000001
460.00381932979644,114.97
460.50863098317717,115.04
461.01310574646357,115.01
461.53075798044057,115.06
462.04773661819837,115.04
462.3069178467915,114.99000000000001
462.55839689059803,115.0
462.8168197656606,115.05000000000001
463.0804293532604,115.07000000000001
463.3349050675979,115.0
463.5924255000291,114.97
463.8416662978866,115.05000000000001
464.0898120073312,115.05000000000001
464.34166445194217,115.07000000000001
464.6104126362215,115.06
464.8771152562793,115.02000000000001
465.13739148879444,115.1
465.394671225402,115.07000000000001
465.6487136780258,115.11000000000001
465.8927196200859,115.14000000000001
466.13477611308946,115.08000000000001
466.3940054128055,115.1
466.6685060468513,115.13
467.1955812729825,115.17000000000002
467.68587948108933,115.21000000000001
468.1802214115843,115.20000000000002
468.7143364406513,115.19
469.2420253451304,115.21000000000001
469.7227085057737,115.11000000000001
469.9646689975748,115.11000000000001
470.22528184796704,115.11000000000001
470.4968821246321,115.12
470.7667737648867,115.19
471.0290958847447,115.15
471.2839446363519,115.14000000000001
471.52395523981596,115.08000000000001
471.76482059920494,115.06
472.01905572656705,115.0
472.2918952660526,115.06
472.5614499088981,115.11000000000001
472.8269612141423,115.05000000000001
473.0772971745738,115.03
473.3222056073431,114.92000000000002
473.56088067639206,114.71000000000001
473.8098811770392,114.7
474.0734905402326,114.7
474.3380989241746,114.73000000000002
474.87554769749937,114.98000000000002
475.35737367690007,115.02000000000001
475.8665541010421,115.01
476.1227388195191,114.91
476.38849031646436,114.96000000000001
476.6499579062187,115.0
476.90728579672594,114.98000000000002
477.1472483301146,114.99000000000001
477.3972956553064,114.99000000000001
477.6497735517102,114.98000000000002
477.91637971720536,114.97
478.1855012377519,114.94000000000001
478.4456812491884,114.94000000000001
478.6939232254782,114.94000000000001
478.9501560225239,114.94000000000001
479.1994930892561,114.88
479.45491942100256,114.92000000000002
479.7092026227973,114.86000000000001
479.9687687235494,114.85000000000001
480.22495337393707,114.83000000000001
480.48294328415034,114.84
480.7340856866715,114.83000000000001
481.1851039797471,114.83000000000001
481.51259132654053,114.68
482.0192562896217,113.65
482.52563252328895,106.31
483.06373138437954,106.01
483.6417951717986,105.72
483.8249680721325,105.62
484.3033286670659,105.54
484.8364926343726,105.49000000000001
485.1029063260702,105.48000000000002
485.3661310485107,105.41
485.6174177209875,105.4
485.8634214529841,105.42
486.1062844821079,105.37
486.36151844795455,105.36000000000001
486.6341656593791,105.38
486.9048154475369,105.4
487.16423732556564,105.39000000000001
487.41713669607475,105.35000000000001
487.656666429364,105.37
487.89862702307335,105.33000000000001
488.1506723154236,105.30000000000001
488.41651950870784,105.30000000000001
488.68731329348014,105.30000000000001
488.9650993823588,105.29
489.21529095174446,105.31
489.6891266283131,105.32000000000001
490.212627652532,105.24000000000001
490.7530725222207,105.26000000000002
491.24746244433675,105.35000000000001
491.7361369688016,105.24000000000001
492.27315191568186,105.23
492.80602739921926,105.27000000000001
493.288046569142,105.2
493.53000718699974,105.24000000000001
493.78604785878673,105.21000000000001
494.04332763230394,105.26000000000002
494.3077916055947,105.26000000000002
494.56383232399844,105.23
494.8194888573004,105.25
495.0643024628215,105.25
495.3166359794511,105.24000000000001
495.5813876620066,105.29
495.84970279712786,105.26000000000002
496.11326381583467,105.27000000000001
496.3644064052136,105.25
496.857942037762,105.24000000000001
497.3671232972683,105.30000000000001
497.8781194840762,105.25
498.3894904168827,105.28
498.6479610767501,105.29
498.91746724784053,105.29
499.1828339496462,105.35000000000001
499.44016176615196,105.32000000000001
499.69700925861065,105.33000000000001
500.1943482267668,105.30000000000001
500.4516759738147,105.33000000000001
500.7173306247748,105.32000000000001
500.97884597555617,105.35000000000001
501.23731676921267,105.37
501.4844638590512,105.37
501.7264246509247,105.34
501.97223708587705,105.35000000000001
502.24250189823647,105.33000000000001
502.5182411126983,105.36000000000001
502.7817540921707,105.30000000000001
503.2793330159704,105.38
503.5143979490557,105.34
503.7574538495684,105.33000000000001
504.02505810425737,105.32000000000001
504.29780090835214,105.31
504.56701894693833,105.34
504.82695900575675,105.36000000000001
505.0649724995785,105.32000000000001
505.301795470786,105.36000000000001
505.81983136587286,105.26000000000002
506.366123746445,105.33000000000001
506.86450957430435,105.33000000000001
507.35018907653915,105.29
507.88268910251315,105.27000000000001
508.4073813016487,105.31
508.89339675319036,105.28
509.40652552259286,105.22
509.6778851873014,105.25
509.94972495433313,105.26000000000002
510.20010878575874,105.29
510.4391210330572,105.28
510.6772786662826,105.27000000000001
510.9286613236725,105.22
511.1850862182894,105.27000000000001
511.4515956383361,105.30000000000001
511.7071177558506,105.27000000000001
511.9591632024961,105.30000000000001
512.210017980906,105.27000000000001
512.457165388484,105.30000000000001
512.7104018108078,105.34
513.2464169042001,105.31
513.7587867949317,105.32000000000001
514.2623110135527,105.32000000000001
514.7786283763148,105.31
515.2874347138692,105.31
515.807891406287,105.35000000000001
516.0742568681371,105.37
516.3378657981613,105.42
516.6024738490903,105.41
516.8535683518108,105.46000000000001
517.0983337712471,105.46000000000001
517.3474307938525,105.41
517.6111355245364,105.41
517.8716998350075,105.44
518.1341178517392,105.44
518.3843576594495,105.47
518.873417944107,105.44
519.3893121869181,105.45
519.9215241072445,107.93
520.3896573808898,nan
520.6236767435764,nan
520.8782958935801,nan
521.1479454559905,nan
521.423635970791,nan
