dist,height
0.0,nan
0.0014142135623710552,nan
0.00877496438738807,nan
0.04786439177510291,nan
0.1529738539751183,nan
0.36162411424018903,nan
0.6995784444935395,nan
1.1567091250612664,nan
1.69832535163319,nan
2.948229299087844,nan
4.252054209438069,105.59643793706293
5.528104919409544,105.55287587412587
6.808045314185269,105.52931381118881
8.088026273448918,105.55575174825175
9.377001333048854,105.56218968531469
10.642025559074739,105.55862762237763
11.91503566927099,105.55506555944058
13.216003404963242,105.55150349650351
14.489017944636553,105.53794143356644
15.78000823827415,105.55437937062938
17.050036275621235,105.5608173076923
18.329020186578443,105.58725524475524
18.967036405300643,105.63369318181819
19.597051028152173,105.62013111888112
20.241030655576804,105.63656905594407
20.87502534130198,105.643006993007
21.512033888035784,105.67944493006993
22.16201809402745,105.67588286713287
22.801009911843817,105.66232080419582
23.44200471376115,105.65875874125875
24.08500110026985,105.65519667832169
24.722004085429642,105.66163461538463
25.36500222747871,105.68807255244757
26.020001556494957,105.6745104895105
26.649000544110464,105.64094842657343
27.29600062280187,105.63738636363637
27.936000465349366,105.6338243006993
28.586002133911624,105.63026223776224
29.86500048551816,105.60670017482518
30.495001901951078,105.63313811188812
31.131003244354336,105.62957604895105
31.77800157341553,105.626013986014
32.42200111035714,105.63245192307693
33.06000641258256,105.63888986013987
33.68501261688943,105.64532779720281
34.32801427405902,105.65176573426574
34.96601654463945,105.64820367132867
35.60502328323913,105.65464160839161
36.2360293216572,105.68107954545455
37.19801690950742,105.69751748251748
38.157014807240884,105.70395541958041
38.79200786244507,105.72039335664336
39.42000533992861,105.7468312937063
40.079000760997026,105.70326923076924
40.724000834888514,105.76970716783218
41.37100062845955,105.75614510489513
42.01500268951556,105.74258304195806
42.66400301190689,105.749020979021
43.319013215907866,105.76545891608392
43.96200369637399,105.74189685314687
44.60400434938549,105.75833479020979
45.24600514962619,105.73477272727274
45.8920088250667,105.71121066433567
46.53000405114962,105.7076486013986
47.8110033465101,105.74408653846153
49.08700098804163,105.74052447552448
50.35500025816702,105.73696241258742
51.6460002420323,105.78340034965036
52.28300065030698,105.8098382867133
52.921001700648105,105.81627622377623
53.56500042005041,105.81271416083916
54.21500014756064,105.8391520979021
54.85000111212396,105.85559003496505
55.48100225302351,105.87202797202796
56.1320003206727,105.8684659090909
57.4150032221544,105.88490384615385
58.68400167848134,105.87134178321678
59.972005744347086,105.91777972027973
60.604002912348946,nan
61.24200498024212,112.80421765734268
61.88801282962639,114.7806555944056
62.53101704754209,114.74709353146854
63.16300538289799,114.78353146853148
63.79800348757005,114.74996940559441
64.43900568754921,114.69640734265735
65.0760041874115,114.72284527972029
65.71500095107662,114.84928321678322
66.35200111526404,114.85572115384615
66.984000843485,114.8821590909091
67.63300131592564,114.90859702797202
68.27600095201828,114.89503496503497
69.54800046730315,114.94147290209791
70.83100006353149,114.93791083916085
72.09700380737051,114.94434877622379
73.38900085162626,114.93078671328672
74.66400482160061,114.93722465034966
75.94500234380139,114.91366258741259
76.59600188652145,114.90010052447553
77.23300585889429,114.88653846153848
77.8750047512037,114.8929763986014
78.52700057305131,114.90941433566434
79.16200045476364,114.91585227272728
79.79900055765108,114.91229020979021
80.4270008454872,114.92872814685315
81.07600126424587,114.91516608391609
81.71600096064418,114.94160402097903
82.35200158466094,114.91804195804197
82.98400200641085,114.97447989510489
83.62300156057542,114.97091783216783
84.27200088404214,114.95735576923077
84.91600132483865,114.9637937062937
86.19300443771525,115.01023164335665
87.47900085163296,114.98666958041959
88.73100083961636,115.00310751748252
89.99700075558074,114.97954545454546
91.27200113945129,114.9859833916084
92.55600164765113,114.98242132867135
93.83200090054564,114.95885926573428
95.12600156634356,114.99529720279722
96.38700134872958,114.97173513986016
97.67400148453015,114.98817307692309
98.94700188484741,115.00461101398602
100.22800116733845,115.04104895104895
101.5080011279899,115.0574868881119
102.78700263165571,115.08392482517483
104.07700069179549,115.08036276223777
105.3500005173232,115.0968006993007
106.64400229736316,115.04323863636364
107.28600095539026,115.05967657342657
107.92100069031976,115.05611451048952
108.58000223337629,115.06255244755246
109.22200315412641,115.06899038461539
109.85200020482101,115.06542832167833
110.49100020363649,115.06186625874126
111.14100119217929,115.0683041958042
112.4040003202733,115.10474213286714
113.67700021992134,115.13118006993008
114.96300014787366,115.11761800699301
116.24800007742067,115.16405594405595
117.53100017016786,115.20049388111887
118.80800052605883,115.20693181818183
120.08500030395136,115.18336975524477
121.36500035018332,115.1498076923077
122.00300006967042,115.14624562937064
123.2910001500515,115.18268356643357
123.93300000806887,115.14912150349652
124.55700029705275,115.12555944055946
125.18100099855408,115.12199737762239
125.81800111669236,115.10843531468532
126.45000281534199,115.10487325174826
127.08100370236299,115.1313111888112
127.71700391490555,115.12774912587413
128.36200319409167,115.14418706293706
129.00600234485216,115.170625
130.2760054845097,115.16706293706295
131.5640042108783,115.19350087412589
132.84200643245342,115.18993881118882
133.48900423255844,115.20637674825176
134.13400367542897,115.19281468531469
134.7620078397469,115.19925262237763
135.40800734446984,115.20569055944057
136.05700367493031,115.1521284965035
136.69200506247614,115.18856643356644
137.9710057475845,115.14500437062937
139.25900127819386,115.07144230769231
140.53100131287758,115.17788024475524
141.16100070841097,115.1743181818182
141.8120000705159,115.17075611888113
142.45500010178654,115.14719405594407
143.09400018169876,115.193631993007
143.74700012869832,115.19006993006994
144.3970015582041,115.26650786713287
145.04800273357782,115.25294580419582
145.70100507889435,115.30938374125876
146.34100214567346,115.32582167832167
146.98200272482342,115.29225961538462
147.6350038778067,115.32869755244755
148.26800270118972,115.2951354895105
149.54600113677395,115.33157342657344
150.83700211155085,115.30801136363637
152.12900213634478,115.31444930069931
153.4110033146254,115.28088723776226
154.68300145458775,115.29732517482518
155.9630021030629,115.29376311188811
157.23900064233428,115.30020104895105
158.5180008358672,115.35663898601399
159.79400030351576,115.34307692307692
160.4390003147614,115.35951486013987
161.0840006021703,115.3559527972028
161.7220008935086,115.36239073426573
162.36000012318306,115.34882867132868
162.98800010430216,115.34526660839163
163.6360002505561,115.37170454545456
164.28300079131742,115.35814248251751
165.5480010268925,115.33458041958043
166.85600081507408,115.33101835664337
168.12800029739245,115.3074562937063
169.41200040433972,115.32389423076924
170.68900086707404,115.32033216783218
171.9610009304435,115.34677010489511
173.23600075042137,115.36320804195805
174.50300074497284,115.40964597902098
175.7730002958361,115.38608391608392
177.05000165207565,115.36252185314687
178.34100087753237,115.38895979020981
179.61500147259417,115.35539772727275
180.900001249309,115.38183566433568
182.16500216287432,115.33827360139861
183.45800187781398,115.34471153846155
184.73900147505398,115.34114947552449
185.37100195553782,115.31758741258741
186.01900119611437,115.35402534965036
186.65800096968786,115.37046328671329
187.29300088898145,115.36690122377622
187.93300088595404,115.39333916083916
188.56800040568916,115.3897770979021
189.22300087991417,115.43621503496504
189.85900051880608,115.45265297202798
190.48900071395198,115.45909090909092
191.1320008475818,115.44552884615385
191.77800090990624,115.4719667832168
192.42500084448483,115.43840472027972
193.2190013068073,115.45484265734267
194.3440016182645,115.4412805944056
194.9740010898889,115.45771853146854
196.2540005961662,115.38415646853147
197.53800113902133,115.38059440559441
198.81100030682407,115.37703234265734
200.09900093203865,115.3634702797203
201.36600006455905,115.37990821678322
202.65100057734725,115.40634615384616
203.92700020105232,115.4227840909091
205.21500062617255,115.43922202797205
205.84700047851075,115.44565996503498
206.48800035837434,115.44209790209791
207.13200012793774,115.43853583916085
207.76400002406575,115.45497377622378
208.4240005565578,115.42141171328673
209.05800040419405,115.40784965034966
209.7020000596084,115.37428758741258
210.33800002377126,115.38072552447554
210.98200012560315,115.36716346153847
211.6210002102816,115.3336013986014
212.25500009658194,115.34003933566434
212.89200016909982,115.35647727272728
213.53500003044,115.33291520979022
214.174000046691,115.35935314685315
214.8180000046551,115.35579108391609
215.4500007542353,115.34222902097902
216.08700049054315,115.31866695804196
216.7410000299897,115.30510489510489
217.37500014721104,115.36154283216784
218.01800077516535,115.40798076923078
219.30500006611797,115.39441870629372
220.58000118324415,115.33085664335665
221.86200020057512,115.3472945804196
223.13900095232117,115.33373251748253
224.42600059039503,115.36017045454547
225.7110002503201,115.3766083916084
226.98500071370353,115.33304632867134
228.26300072942178,115.25948426573427
229.53500178621996,115.32592220279722
230.17800104701578,115.35236013986014
231.45600311074242,115.35879807692308
232.7290029218533,115.35523601398602
234.02100287581024,115.40167395104896
235.29800162559818,115.4281118881119
236.58500061288757,115.40454982517484
237.8620015555238,115.39098776223777
239.1550007735569,115.39742569930071
240.44800101893134,115.40386363636365
241.11400120275056,115.38030157342658
241.75400100308576,115.42673951048953
242.39200053632132,115.39317744755246
243.03100053696855,115.39961538461539
243.65500045351007,115.43605332167832
244.30300077158282,115.42249125874126
244.93400055525163,115.4489291958042
245.56900017306745,115.45536713286714
246.2030002782257,115.45180506993007
247.48500103844677,115.46824300699302
248.75400044421394,115.48468094405597
249.40200059341944,115.4811188811189
250.04900141772214,115.44755681818184
250.68200062629148,115.44399475524477
251.31800039790224,115.4104326923077
251.96300067470222,115.44687062937064
252.61100110248563,115.44330856643357
253.2470014886652,115.35974650349651
253.87000034072557,115.37618444055944
254.50500091550265,115.31262237762239
255.14900243191232,115.33906031468533
255.77400236536943,115.33549825174826
256.40800227177,115.32193618881121
257.04300269410174,115.29837412587413
257.6900030928635,115.36481206293706
258.32600320912337,115.36125
258.95400194822247,115.37768793706294
259.5990014522398,115.35412587412587
260.8850008145352,115.41056381118882
262.1490014953328,115.36700174825175
263.4310011008576,115.4034396853147
264.7080018152077,115.40987762237764
266.002000573304,115.38631555944058
267.2740014685304,115.38275349650351
267.90700191111097,115.34919143356645
268.56100113568243,115.36562937062939
269.19500083582534,115.36206730769233
269.83600074304394,115.35850524475526
270.47400146594504,115.34494318181818
271.11000159529345,115.37138111888113
271.7610009806411,115.36781905594407
272.386001330832,115.354256993007
273.0330017452103,115.37069493006994
273.6680021668591,115.39713286713288
274.3150013798006,115.37357080419582
274.95300139114687,115.38000874125875
275.5870023840022,115.3964466783217
276.23000174130254,115.40288461538462
276.87100158377007,115.37932255244758
277.5150014125363,115.36576048951049
278.148001734688,115.33219842657344
278.7910026274162,115.33863636363638
279.42900318506673,115.32507430069931
280.07900166381626,115.30151223776225
280.7160018132205,115.29795017482519
281.3490037284654,115.30438811188812
282.63000245019987,115.30082604895105
283.90900279314855,115.297263986014
285.1840008590945,115.32370192307694
286.47600034208796,115.34013986013989
287.746000156388,115.3865777972028
289.02900109677574,115.40301573426575
289.6770004418715,115.41945367132868
290.9650002508893,115.41589160839162
292.2450000992318,115.39232954545456
293.5280002129269,115.33876748251748
294.8060004698005,115.35520541958043
295.44700002707765,115.34164335664336
296.0740000084438,115.3380812937063
296.72700024601744,115.34451923076925
297.36500009752325,115.33095716783218
297.99500004194704,115.31739510489511
298.6340000167429,115.34383304195805
299.27200013699917,115.330270979021
299.91100020339366,115.31670891608393
301.1930000083004,115.33314685314686
302.48600022645684,115.3495847902098
303.7550001053481,115.36602272727274
305.03200004097937,115.35246066433567
306.30200025628307,115.3288986013986
307.5910000016255,115.31533653846154
308.8770000728445,115.3317744755245
310.1570000080605,115.32821241258743
311.42300073533426,115.31465034965036
312.692000999386,115.3410882867133
313.98200031371226,115.33752622377624
315.2620009198698,115.37396416083918
316.23900025613545,115.41040209790211
316.55500022902817,115.39684003496505
317.2080002332854,115.35327797202797
317.8440001667485,115.36971590909091
318.5150019229864,115.36615384615385
319.15400221993144,115.34259178321678
319.7940024031095,115.34902972027973
320.4260012498986,115.31546765734268
321.06000140160717,115.3319055944056
321.7170029870974,115.29834353146855
322.34900262138245,115.29478146853148
322.98800100622935,115.28121940559441
323.62400084820655,115.28765734265735
324.2740013630449,115.2940952797203
324.9190018666191,115.29053321678323
325.5500002088773,115.28697115384617
326.1950004966355,115.2834090909091
327.48600125196197,115.31984702797203
328.7580004410539,115.30628496503498
330.04400132255097,115.34272290209792
331.32300098091594,115.32916083916086
332.59700098166854,115.28559877622378
333.8760004387857,115.26203671328673
334.5180005978752,115.25847465034967
335.1700016349912,115.2449125874126
335.7990008055414,115.24135052447554
336.43000038641026,115.22778846153847
337.06200019284285,115.2542263986014
337.72400099785625,115.25066433566434
338.3610011600037,115.25710227272727
339.00300098229224,115.2835402097902
339.6320010143332,115.27997814685314
340.27200072442054,115.3264160839161
340.91100070546275,115.29285402097904
341.55700074511725,115.30929195804198
342.83000057462885,115.31572989510491
344.1170004082914,115.29216783216785
345.3890004227118,115.27860576923078
346.67800064757495,115.27504370629372
347.95400029026825,115.22148164335664
349.2370004495515,115.20791958041958
349.87400037870776,115.22435751748253
350.51100037801956,115.20079545454546
351.1440004456861,115.2172333916084
351.79400068506004,115.21367132867135
352.42500097183796,115.23010926573427
353.07200107768386,115.24654720279722
354.36600100461106,115.27298513986015
355.6370010305452,115.2494230769231
356.9040006416291,115.27586101398603
358.1870006267676,115.22229895104897
359.4540008248622,115.20873688811189
360.74200075538755,115.19517482517483
361.99400080802445,115.17161276223776
363.2740002656397,115.1880506993007
364.5460004018698,115.21448863636364
365.8290007681185,115.17092657342658
367.1050007477425,115.20736451048953
368.3910007234162,115.21380244755247
369.6610004287712,115.22024038461541
370.95500074672134,115.17667832167832
372.2270008193925,115.16311625874127
373.518000611751,115.14955419580421
374.7850008671639,115.13599213286713
375.4290012359195,115.13243006993007
376.72300059592857,115.13886800699302
377.3670004412151,115.15530594405594
378.01700078303355,115.1617438811189
378.6560007658666,115.21818181818183
379.32600360903285,115.21461975524478
379.96300367009417,115.2410576923077
380.60400210717705,115.24749562937065
381.23200189517144,115.21393356643358
381.8880037838319,115.21037150349652
382.5220034730029,115.17680944055945
383.16300410399754,115.17324737762239
383.7980020140803,115.12968531468533
384.4340025622084,115.11612325174825
385.08400402249896,115.1325611888112
385.7230040715747,115.12899912587413
386.3550022841687,115.09543706293707
386.98100162927904,115.08187500000003
387.631002489481,115.06831293706294
388.26600219694745,115.08475087412589
388.90900158648947,115.08118881118882
390.1980023808426,115.09762674825177
391.4780026004015,115.1040646853147
392.7450010706693,115.11050262237764
394.0300015544502,115.10694055944057
395.30600118515787,115.08337849650351
396.5960018469677,115.00981643356644
397.86100289674033,114.98625437062938
399.13900192539444,114.96269230769231
399.7720037533894,114.95913024475524
400.4080027534415,114.9555681818182
401.03900175668707,114.95200611888113
401.67700122113047,114.94844405594407
402.30700179589223,114.93488199300701
402.9410028416071,114.94131993006994
403.5780024431461,114.93775786713287
404.2300016945798,114.96419580419581
404.8710018894908,114.94063374125875
405.50200364116574,114.94707167832169
406.14000403432317,114.92350961538462
406.7950022124166,114.86994755244757
407.4370021757965,114.85638548951049
408.0740020707029,114.82282342657345
408.709004845746,114.80926136363638
409.3550039085879,114.81569930069932
409.9910034451976,114.78213723776224
410.6180042716101,114.79857517482519
411.2600045384915,114.79501311188812
412.5460032772103,114.80145104895107
413.817004162468,114.787888986014
415.1090019705668,114.80432692307694
416.3790032434393,114.78076486013987
417.6780013467312,114.79720279720281
418.9460022079218,114.78364073426575
420.2170039717575,114.74007867132867
421.50600320754626,114.72651660839162
422.77300505353935,114.66295454545457
424.22700323529625,114.7293924825175
425.3640020511844,114.72583041958043
426.66100122345375,114.76226835664338
427.9480008938002,114.7887062937063
428.5850006276469,114.77514423076924
429.24000011648496,114.77158216783218
429.8720002617058,114.73802010489511
430.5080005621266,114.71445804195804
431.1390008129629,114.69089597902098
431.79500019685264,114.68733391608392
432.4270001873149,114.67377185314686
433.38600034380437,114.6802097902098
433.7040005625957,114.63664772727275
434.3500003372856,114.64308566433569
434.9830004563397,114.64952360139861
435.61700024333305,114.65596153846154
436.88700130239624,114.66239947552448
438.1770007816476,114.63883741258742
438.8100015883868,114.69527534965036
439.4560007395507,114.6817132867133
440.10000060213594,114.65815122377623
441.37100134693947,114.67458916083918
442.657000951075,114.6510270979021
443.9270012254267,114.63746503496505
444.5620017117972,114.543902972028
445.2070011545192,114.57034090909093
446.48300116129843,114.51677884615385
447.7560014974674,114.54321678321679
449.0490002895007,114.45965472027974
449.69700075606465,114.57609265734267
450.3260011913592,114.5625305944056
450.9760001518928,114.52896853146854
451.6030001693966,114.51540646853148
452.235000221124,114.50184440559441
452.86000124210574,114.48828234265734
453.5090002998838,114.4647202797203
454.1350004899425,111.50115821678324
454.7730003661167,105.85759615384617
455.4080008651583,105.85403409090911
456.0490008869661,105.81047202797204
456.6950003558174,105.78690996503497
457.9670006332334,105.7833479020979
458.6060008591253,105.78978583916084
459.25200057593656,105.79622377622378
459.8880004392374,105.78266171328671
460.5230008685777,105.76909965034965
461.1610019103957,105.77553758741259
462.4550007784541,105.81197552447554
463.75100045822006,105.81841346153848
465.05800105470723,105.80485139860141
466.3370002197982,105.78128933566435
466.9760005353594,105.79772727272729
467.62200085218404,105.75416520979022
468.25600058194664,105.75060314685315
468.89000063127816,105.73704108391608
469.5300002183035,105.74347902097902
470.15800015845736,105.74991695804196
470.8110003451491,105.7363548951049
471.44300013257174,105.75279283216784
472.0780001122696,105.75923076923078
472.71900008673236,105.78566870629373
473.3750003802482,105.80210664335665
474.018000854398,105.79854458041959
474.6430002106847,105.78498251748253
475.2760003208662,105.75142045454547
476.5750006420816,105.73785839160841
477.84300020194917,105.66429632867133
479.1290004977783,105.66073426573426
480.4010001509156,105.6571722027972
481.6790007027502,105.66361013986015
482.9440001791098,105.67004807692308
484.24000025297374,105.71648601398603
484.88400032275763,105.74292395104897
485.5200000514912,105.73936188811192
486.1650000997604,105.73579982517485
486.80900016433554,105.71223776223778
487.44700016822344,105.6586756993007
488.0800000624898,105.67511363636365
488.7150000133002,105.65155157342657
489.3470000255443,105.63798951048952
490.0030003193858,105.63442744755245
490.62800000101913,105.61086538461538
491.2590003460496,105.61730332167834
491.8960001829655,105.62374125874126
492.5410000507572,105.6101791958042
493.18700000912435,105.61661713286715
494.4700005682853,105.65305506993009
495.12700017167316,105.65949300699303
495.77400026221625,105.65593094405597
496.41900019741394,105.6423688811189
497.0640005814141,105.61880681818182
497.7070007916305,105.60524475524475
498.3570003983089,105.5616826923077
499.00100026953857,105.56812062937063
499.63500055440477,105.56455856643356
500.9190006957213,105.53099650349651
502.1870009568149,105.53743444055945
503.4720005819589,105.55387237762238
504.7570003526449,105.58031031468532
506.04200008793737,105.62674825174827
507.30900034397183,105.5831861888112
508.5830008071446,105.57712412587414
509.87200029026894,105.57356206293707
511.1400005174708,105.57000000000001
511.80100025400503,nan
512.4290002497906,nan
513.0650002387611,nan
513.6980008604277,nan
514.3410006386814,nan
514.9930001213609,nan
516.2620006401787,nan
517.5430001748647,nan
518.8070004674186,nan
520.0740003268767,nan
521.3620001534443,nan
522.6570008131529,nan
523.9400023857694,nan
524.5710008616564,nan
525.2270028492442,nan
525.8670028163016,nan
526.4990028338136,nan
527.1370008441829,nan
527.7730006157951,nan
528.4250017334533,nan
529.213000616954,nan
529.6950002454244,nan
530.3350003997474,nan
530.9840012241424,nan
531.6210010091776,nan
532.8830002439561,nan
534.1710008405548,nan
535.4480003380347,nan
536.7400015696613,nan
538.0080004953458,nan
538.6420003722325,nan
539.2900010430382,nan
539.9250005648933,nan
540.5670011284448,nan
541.2030001820019,nan
541.8350000461396,nan
542.4910004608371,nan
543.1290002402744,nan
543.7710002666564,nan
544.4090004775821,nan
545.0700000238502,nan
545.7180000229057,nan
546.3550001830312,nan
547.1620002723142,nan
548.2720002890901,nan
548.9100002049515,nan
549.542000546819,nan
550.1760004589441,nan
550.8290000472017,nan
552.103000384892,nan
553.3880001228795,nan
554.6640000117188,nan
555.9460000764462,nan
557.2150000260223,nan
558.4990000653538,nan
559.7720000151847,nan
561.0420001800222,nan
562.3410000080023,nan
563.6200001774245,nan
564.9360009523203,nan
565.5740004685506,nan
566.21100058812,nan
566.8550017023755,nan
567.4860013436454,nan
568.1170011485311,nan
568.7430003208831,nan
569.3720005146022,nan
570.6590014448208,nan
571.9200001512451,nan
573.2110019233754,nan
574.494001327255,nan
575.7780006547663,nan
577.0500006559224,nan
578.3330004703173,nan
579.6050018943936,nan
580.902000111895,nan
581.5480001246673,nan
582.1840004337116,nan
582.8040004015072,nan
583.3950000077135,nan
583.9090000428149,nan
584.3300001660022,nan
584.6460002676835,nan
584.89800017097,nan
573.0,nan
573.0123288280059,nan
573.1680624883786,nan
573.3764970119404,nan
573.7098999929567,nan
574.1494394285912,nan
574.685243305876,nan
575.2962843900527,nan
575.9421210036298,nan
576.5871261477679,nan
577.2350833521904,nan
577.8751379467662,nan
578.509095570055,nan
579.1600254057918,nan
579.7940332645638,nan
580.4360194997055,nan
581.074026071298,nan
581.7170097510557,nan
582.3620034714799,nan
582.9950058028998,nan
583.6330226182398,nan
584.2860075314524,nan
584.9210139669409,nan
586.0540066263197,nan
586.8390286508844,nan
588.1310107064928,nan
589.4160161427795,nan
590.6890179207326,nan
591.9630291356629,nan
593.2350336298214,nan
593.8690243662707,nan
594.5060246442712,nan
595.1690026388198,nan
595.8090006357139,nan
596.441001301139,nan
597.0860010794652,nan
598.0520001796264,nan
598.3750013399015,nan
599.0160034209715,nan
599.6470019514392,nan
600.2950008976003,nan
601.5820022741585,nan
602.2260046533904,nan
603.504001114608,nan
604.7780003146831,nan
606.0550039479652,nan
606.6950034426471,nan
607.3280105598911,nan
607.9650118547098,nan
608.9280145012217,nan
609.2450170092387,nan
609.8800146691945,nan
610.5100161290288,nan
611.1520136821111,nan
612.4290008242664,nan
613.0740005115537,nan
613.7230001964492,nan
614.3700009789702,nan
615.0290088034443,nan
615.8260027319851,nan
616.9650068804725,nan
617.6140133254115,nan
618.258012483979,nan
618.8890107324182,nan
619.5300070599608,nan
620.1700059571758,nan
620.8230102983908,nan
621.4530053763438,nan
622.0860013853237,nan
622.7150001005733,nan
623.3670008438064,nan
624.6490007066933,nan
625.9310000188925,nan
627.2120001567919,nan
628.4940004775291,nan
629.764000748714,nan
631.0630048395706,nan
632.3470118371599,nan
633.6020044635488,nan
634.2470094453598,nan
635.5260175287056,nan
636.1580070458213,nan
636.8040078364988,nan
637.4350045006595,nan
638.0720028967912,nan
639.3560035113628,nan
640.6300021661984,nan
641.909000145119,nan
643.1910002065792,nan
644.4690004547426,nan
645.7450007148258,nan
647.0190053837526,nan
648.31300082987,106.88647164948455
649.601003028681,106.35294329896908
650.8880014508011,106.29941494845362
652.1590005684761,106.31588659793816
653.4340012183902,106.3123582474227
654.7140013339207,106.29882989690721
655.9940011687592,106.31530154639175
657.2730009314964,106.3117731958763
658.558002600575,106.33824484536083
659.2030028131271,106.35471649484538
659.8470018250487,106.3411881443299
660.4760009373999,106.33765979381444
661.1000012826333,106.34413144329899
661.7400000732476,106.35060309278352
662.3610002517877,106.32707474226805
662.9950006278127,106.32354639175259
663.8010022246451,106.34001804123712
664.2810025525574,106.32648969072166
664.9240031547799,106.3329613402062
665.554002209521,106.31943298969074
666.1930026450484,106.30590463917527
666.8250007727152,106.3023762886598
667.4760012754562,106.31884793814433
668.1170021237003,106.28531958762888
668.7490014673782,106.29179123711342
669.3820010167874,106.28826288659795
670.033000994507,106.29473453608249
670.6660014744127,106.28120618556702
671.2990012461978,106.27767783505156
672.5940007681186,106.29414948453609
673.8740007781985,106.31062113402064
675.143001297201,106.30709278350517
676.4330007009369,106.3135644329897
677.7080010409902,106.31003608247424
679.0060021178047,106.29650773195878
680.2830021625048,106.30297938144331
681.5800040707312,106.29945103092784
682.8460004415272,106.29592268041237
683.4980016697134,106.28239432989693
684.1350014081972,106.27886597938146
684.7690008947025,106.28533762886599
685.4060001156522,106.29180927835051
686.0420002875038,106.29828092783505
686.687000549755,106.3047525773196
687.3250004767111,106.33122422680414
687.9570002261715,106.34769587628867
688.6010001081305,106.3441675257732
689.2540006752456,106.34063917525773
689.8830003165558,106.35711082474228
690.5240002765393,106.37358247422682
691.1590010198123,106.36005412371134
691.8150004208222,106.36652577319589
692.4530007743631,106.34299742268041
693.0840002206788,106.33946907216495
693.732000368585,106.3259407216495
695.0120005942039,106.31241237113403
696.2860002027805,106.30888402061856
697.5670003411818,106.2853556701031
698.8150009219886,106.29182731958763
700.0930014359564,106.28829896907217
701.3610021346047,106.29477061855671
702.6390043543995,106.36124226804125
703.9280029481852,106.43771391752577
705.2040057676015,nan
706.4860036895254,115.9641855670103
707.7610064595839,115.94065721649486
709.0590022416745,115.93712886597939
710.3410047800729,115.90360051546394
711.6180023553939,115.86007216494846
712.8900007899064,115.896543814433
714.1720000354178,115.77301546391755
715.4570001263539,115.96948711340208
716.0950000349418,115.95595876288661
716.7590014781683,115.97243041237115
717.4100045876323,115.98890206185567
718.0510043364058,116.00537371134023
718.7040037644814,116.00184536082476
719.9930055036633,116.01831701030929
721.2630012444102,116.00478865979382
722.5510021731717,116.00126030927835
723.8320018464251,115.9177319587629
725.1410053404406,115.95420360824744
726.4120044129534,115.96067525773196
727.6830020946063,115.9471469072165
728.9620028340237,115.92361855670104
729.5960025798871,115.95009020618558
730.2360010080389,115.84656185567012
730.8800010292628,115.97303350515465
731.5190010345764,115.99950515463918
732.1630012879878,115.97597680412372
732.7950005288026,116.04244845360826
733.4510014365757,115.9789201030928
734.0850013160754,116.01539175257733
734.7250019322925,115.99186340206187
735.362000320272,116.0183350515464
735.9870003558566,116.01480670103093
736.6480018209816,115.98127835051548
737.2820015369913,115.98775000000002
737.9180011066105,115.96422164948454
738.552000667464,115.98069329896909
739.2050009746999,115.97716494845362
739.8550013454796,115.97363659793817
740.4830005313972,115.95010824742269
741.1200003449917,115.95657989690723
741.7720010961534,115.95305154639176
742.4100010507054,115.9495231958763
743.0500010261687,115.94599484536084
743.6850008436594,115.91246649484538
744.3290008200597,115.9589381443299
744.9680009129605,115.95540979381444
745.5930008401267,115.95188144329897
746.2280014229801,115.96835309278353
747.5120002062895,116.01482474226805
748.7690002531732,115.99129639175258
750.0560012707843,115.98776804123712
751.3370009448404,116.00423969072165
752.6190008712887,116.0007113402062
753.8950012935682,115.98718298969074
755.1640016249094,115.97365463917527
756.4510018669836,115.94012628865981
757.09100124395,115.95659793814433
757.7320009797977,115.95306958762886
758.3780007579109,115.93954123711342
759.0180007122967,115.95601288659795
759.6570006134247,115.95248453608248
760.2860013348568,115.94895618556701
760.9400003857614,115.98542783505155
761.5770005621046,115.9918994845361
762.2220015273066,116.00837113402063
762.8570006847259,116.01484278350516
763.4880010525598,116.02131443298971
764.144002262692,116.00778608247423
764.773000847356,116.00425773195877
765.4160021957633,116.06072938144331
766.3780013496881,116.02720103092784
766.701001992762,116.0036726804124
767.3370017932766,115.98014432989692
767.9650010899393,115.97661597938146
768.6200013623352,115.973087628866
769.2630020890335,115.95955927835054
769.8980015490254,115.89603092783506
770.5400020071884,115.9425025773196
771.1780008275389,115.89897422680414
772.2970016382585,115.93544587628868
773.0960008820766,115.94191752577322
773.7340010087977,115.94838917525774
774.3640001688484,115.94486082474228
775.0160010518969,115.96133247422684
775.6480006933205,115.95780412371137
776.2810002484246,115.9642757731959
776.9250003064852,116.01074742268042
777.5710003348471,115.99721907216495
778.5340009171232,116.0036907216495
779.4900001259141,116.00016237113404
780.1430006299995,116.01663402061857
780.7750002334255,116.0231056701031
781.4200005877555,115.99957731958764
782.0530000239173,115.97604896907217
782.6950000953766,115.97252061855671
783.3450004040981,115.98899226804126
783.9790001895924,115.99546391752578
784.6180001441276,115.96193556701031
785.2520000117785,115.92840721649485
785.9030000798485,115.9348788659794
786.537000086636,115.90135051546395
787.1760001587479,115.88782216494846
787.8170000674993,115.924293814433
788.4610001044273,115.92076546391753
789.1020000948627,115.89723711340208
789.73900005998,115.89370876288662
790.3720006256556,115.90018041237114
791.0190004082214,115.92665206185568
791.6600004230312,115.94312371134022
792.3030001322371,115.96959536082477
792.940000275075,115.94606701030929
793.5800007117599,115.96253865979384
794.860000090147,115.95901030927837
795.5030000022472,115.8954819587629
796.7840005116541,115.93195360824744
797.434000412148,115.94842525773198
798.2370003640609,115.8948969072165
798.7060005870469,115.91136855670105
799.3530005522348,115.92784020618558
799.9890005308628,115.92431185567013
801.260000641812,115.90078350515466
802.5400005924894,115.9172551546392
803.8150006607023,115.92372680412373
804.4530027586594,115.96019845360826
805.1070013463618,115.99667010309281
805.7380013448599,116.00314175257735
806.382001039069,116.00961340206187
807.0140027284692,116.0060850515464
807.6580017046084,116.00255670103094
808.3080006969589,115.98902835051548
808.9360008667604,115.98550000000003
809.5790006868742,115.96197164948455
810.3810009478433,115.9484432989691
811.5080007567881,115.95491494845362
812.1530003616931,115.92138659793815
812.8050005024916,115.89785824742269
813.4580007485715,115.93432989690724
814.1080015200657,115.94080154639177
814.7490013009361,115.95727319587631
815.3900007529188,115.95374484536084
816.6660007407681,115.94021649484539
817.9330008675842,115.93668814432992
819.2140014824502,116.02315979381444
820.4840018688077,116.00963144329899
821.7640020441061,116.04610309278351
823.0390013597878,116.05257474226806
823.6760005943928,116.0490463917526
824.3260008673993,116.04551804123713
824.9720012104519,116.02198969072167
825.6020006334074,115.9884613402062
826.2400004106776,115.99493298969074
826.8650004451185,115.96140463917527
827.515002188476,115.94787628865981
828.1480029825826,115.92434793814435
828.7710025198321,115.92081958762888
829.4020025623824,115.90729123711343
830.0530038902483,115.88376288659796
830.6850029842637,115.9102345360825
831.3220030852966,115.87670618556703
831.9580017377334,115.92317783505156
832.6100014521783,115.9196494845361
833.237000831934,115.93612113402064
833.8820007666302,115.96259278350517
834.5130013957241,115.93906443298971
835.1440013904571,115.92553608247424
835.7980006430795,115.93200773195878
837.0750008198429,115.91847938144332
838.362000923267,115.90495103092785
839.6390006094382,115.94142268041239
840.9200011383996,115.91789432989692
842.195000672375,115.88436597938146
843.4720011110207,115.880837628866
844.7590007359462,115.92730927835053
846.0330011720196,115.94378092783506
847.3150007582524,115.9502525773196
848.5870019394964,115.94672422680414
849.8690017408956,115.95319587628869
850.5150013134426,115.94966752577322
851.7880021701078,115.92613917525775
852.4430014260511,115.91261082474229
853.079001246077,115.91908247422681
853.7140017188312,115.90555412371137
854.3450033784144,115.88202577319589
855.6360013604071,115.88849742268043
856.9080024884822,115.88496907216496
858.2000002191444,115.9114407216495
859.4720000907594,115.92791237113404
860.1200006495542,115.96438402061858
860.752000606425,116.00085567010312
861.3920014442149,115.99732731958765
862.0270010967834,115.97379896907218
862.672000705971,116.02027061855674
863.3210006423924,116.00674226804126
863.9690007646863,115.9832139175258
864.5990004200974,115.97968556701034
865.2410001864898,115.99615721649486
865.8810002731484,115.9626288659794
866.5190001856779,115.93910051546395
867.1530003484581,115.90557216494848
868.4340000626198,115.89204381443301
869.7190002308582,115.89851546391755
870.9850000218132,115.89498711340208
872.26800024727,115.86145876288663
873.5370000831845,115.91793041237116
874.8360000596351,115.92440206185569
876.1140000676313,115.96087371134023
877.3950001790437,115.94734536082476
878.0300000868767,115.9838170103093
878.6680002126491,115.95028865979384
879.300000042442,115.94676030927837
879.9580002638797,115.94323195876291
880.7430000081237,115.93970360824744
881.2350002660309,115.93617525773199
881.8720000323759,115.91264690721653
882.5150000403858,115.90911855670106
883.156000051587,115.91559020618558
883.7800000595275,115.90206185567013
884.4160007353507,115.90853350515467
885.0670000464644,115.92500515463921
885.7060002334462,115.93147680412373
886.3470003271134,115.92794845360827
886.9790003598966,115.94442010309281
887.6260005752862,115.96089175257734
888.2740003964806,115.96736340206188
888.92300043365,115.98383505154641
890.2090004050957,115.97030670103095
891.5170027957691,115.97677835051547
892.7940015635065,115.95325000000003
894.2310019067276,115.94972164948456
895.3450022646543,115.96619329896909
896.638002343668,115.92266494845363
897.9170020928422,115.97913659793817
899.2050015097868,115.9756082474227
900.4810013222141,116.00207989690725
901.7680011254137,116.02855154639178
903.0460015815977,116.02502319587632
904.3180011982446,116.05149484536085
904.9690022065313,116.01796649484538
906.2420026722323,116.00443814432992
906.8700006364753,115.97090979381446
907.5300016515708,115.977381443299
908.1670021079044,115.97385309278353
908.7970011093012,115.98032474226805
910.0750009448935,115.9767963917526
911.3550010122505,115.99326804123714
912.6400011099988,115.99973969072167
913.9130008814566,116.0062113402062
915.1850005757119,116.05268298969074
916.4800007176545,116.02915463917529
917.7510002625083,115.99562628865982
919.0370006429948,116.00209793814436
920.3100004563646,115.9985695876289
921.5980005192228,115.98504123711342
922.8680005159089,116.00151288659796
924.1520006948558,115.9979845360825
924.7940008698272,116.00445618556704
925.4270010910061,116.02092783505157
926.0690010946869,116.02739948453609
926.7140010022222,116.05387113402064
927.3610010046252,116.04034278350518
927.988000791576,116.0468144329897
928.6290006579891,116.04328608247424
929.2750008897622,116.03975773195877
929.9100009105937,116.02622938144331
930.5410007789317,115.99270103092786
931.1820006170049,116.0091726804124
931.8130006201002,115.99564432989692
932.6170008689801,115.99211597938145
933.1040007011864,115.968587628866
933.7430007789478,115.96505927835055
934.3710006987278,115.96153092783508
935.0060004696054,115.96800257731961
935.6400002785131,115.96447422680414
936.9080003091441,115.98094587628869
938.1900005613517,115.98741752577322
939.6410010609834,116.00388917525775
940.7560008986936,116.0403608247423
942.0300012248326,116.05683247422682
943.3100005360375,116.04330412371135
944.5890009755401,116.0097757731959
945.8760007348287,115.98624742268044
947.148000686894,115.97271907216496
948.4260013850932,115.9591907216495
949.7230007857232,115.99566237113403
950.3680007631808,116.01213402061859
951.0140008597565,116.01860567010311
951.6650014590734,116.06507731958766
952.4700022979418,116.08154896907219
952.9580041228241,116.10802061855672
953.594002213645,116.09449226804126
954.2350027397799,116.0709639175258
954.8800033649313,116.03743556701035
955.5130029868266,116.02390721649486
956.1540036395288,116.0103788659794
956.7900021483104,116.00685051546395
957.4440044804965,116.00332216494849
958.0810045003518,116.00979381443301
958.7160041118336,115.98626546391755
959.3490022842041,116.00273711340208
959.9940030814431,115.97920876288661
960.628002915166,115.99568041237116
961.2600023347757,115.9821520618557
961.9020016675152,115.98862371134022
963.194002380867,116.01509536082476
964.469001477767,116.0515670103093
965.7540024952006,116.06803865979384
967.0260011623599,116.05451030927838
968.3160014798287,116.03098195876291
969.5900015431554,116.00745360824745
970.870001754342,115.95392525773198
972.1360017199652,115.92039690721653
973.4200010401578,115.93686855670106
974.6770009684399,115.9433402061856
975.9340029831188,115.91981185567012
977.2270016080074,115.97628350515465
978.4980037731382,115.9727551546392
979.7930021989071,115.95922680412374
981.0710032396323,115.95569845360828
982.5090040658447,115.9321701030928
982.9950025853974,115.90864175257734
984.2590037263622,115.91511340206189
984.9050029618479,115.91158505154642
985.547002656667,115.93805670103096
986.1820024746964,115.90452835051549
986.8170037504501,115.92100000000003
987.4610027517667,115.91747164948458
988.1050018513388,115.9439432989691
988.732002603841,115.95041494845364
989.3770025709873,115.94688659793817
990.026001834418,115.9533582474227
991.3020022997739,115.95982989690725
992.5710038527449,115.94630154639178
993.86500226676,115.93277319587632
995.1430035343474,115.95924484536086
995.7850030854927,115.92571649484539
996.4260025659737,115.94218814432992
997.0700016707146,115.93865979381447
997.7110031374275,115.945131443299
998.3730011401758,115.92160309278353
999.0110013673357,115.91807474226806
999.6580011543203,115.9745463917526
1000.2990010858907,115.98101804123714
1000.9420007874899,115.98748969072169
1001.5980002624838,116.0039613402062
1002.2410001723973,115.99043298969075
1002.8720001035192,115.99690463917527
1003.5100003263572,115.94337628865983
1004.1510003386285,115.91984793814436
1004.7890002084351,115.9263195876289
1005.4250001676592,115.89279123711343
1006.0650002643945,115.91926288659796
1006.717000251316,115.88573453608251
1007.346000295847,115.87220618556704
1008.6160005475006,115.88867783505158
1009.9010005230018,115.87514948453611
1011.1780004301904,115.90162113402064
1012.4640003731819,115.9380927835052
1013.0930007282552,115.93456443298973
1013.7370005502148,115.93103608247426
1014.3630013707538,115.93750773195879
1015.0200009558391,115.92397938144333
1015.6540009510815,115.88045103092787
1016.2920009023397,115.88692268041241
1016.923001996968,115.85339432989694
1017.5760008929857,115.83986597938147
1018.2090007872707,115.836337628866
1018.8490003644731,115.81280927835054
1019.4870003953083,115.83928092783509
1020.128000730216,115.85575257731962
1020.7700003405766,115.81222422680415
1021.4150002586889,115.83869587628868
1022.0440002282627,115.85516752577323
1022.693000579284,115.86163917525776
1023.3350003874893,115.89811082474229
1024.5950003244056,115.89458247422682
1025.8700003290128,115.87105412371137
1027.1330003578246,115.85752577319589
1028.4050008003865,115.84399742268045
1029.6920003196904,115.81046907216498
1030.962001275215,115.80694072164951
1032.250000593359,115.84341237113404
1033.5220016991589,115.84988402061859
1034.8170007676201,115.86635567010312
1036.1050005236393,115.87282731958766
1037.404001297362,115.91929896907219
1038.693000936239,115.89577061855672
1039.984001225952,115.91224226804125
1040.6190006041243,115.86871391752581
1041.2550007741509,115.85518556701034
1041.8880003124414,115.89165721649488
1042.5440011766736,115.8681288659794
1043.1730008050229,115.89460051546394
1044.4430002396896,115.88107216494849
1045.7310001882677,115.92754381443302
1047.0130009124223,115.92401546391756
1048.288000661704,115.92048711340209
1049.5650004238666,115.87695876288662
1050.8530006801254,115.85343041237117
1052.1250006188366,115.8399020618557
1053.4120008253333,115.83637371134023
1054.6710007577785,115.83284536082476
1055.9390002194896,115.8593170103093
1057.231000087768,115.89578865979384
1057.8740001010572,115.93226030927839
1058.508000041194,115.92873195876292
1059.1700001779213,115.90520360824745
1059.8050002393156,115.90167525773198
1060.4440002072033,115.85814690721652
1061.0720000010244,115.87461855670107
1061.7220002752076,115.8610902061856
1062.3570000664138,115.86756185567013
1062.996000206124,115.86403350515467
1063.6280000346494,115.83050515463921
1064.2590001384199,115.84697680412374
1064.9110000589537,115.83344845360828
1065.5370000253788,115.81992010309283
1066.1830000202765,115.84639175257735
1066.8160004738606,115.83286340206188
1067.4810000728037,115.86933505154643
1068.1280001100727,115.87580670103097
1068.7710001744758,115.8922783505155
1069.4190004673471,115.90875000000003
1070.0780001649641,115.89522164948457
1071.3620003140288,115.85169329896911
1072.6350005093718,115.85816494845365
1073.9170006877387,115.81463659793818
1075.1850007845715,115.82110824742271
1076.47100058196,115.84757989690725
1077.7530005250092,115.88405154639179
1078.3990002225964,115.93052319587632
1079.0390001076992,115.94699484536085
1079.6750000838801,115.95346649484539
1080.3130001202412,115.93993814432991
1080.9510003710989,115.91640979381447
1081.597000174991,115.922881443299
1082.2360001040774,115.94935309278354
1082.8710003697013,115.89582474226806
1083.5030003388815,115.9022963917526
1084.1560003775755,115.90876804123714
1084.8000003253223,115.89523969072168
1085.4280001649013,115.86171134020623
1086.0580006743876,115.84818298969074
1086.7070002384628,115.86465463917528
1087.3410003188546,115.89112628865982
1088.6200011103138,115.89759793814436
1089.901000306635,115.9040695876289
1091.1660001399166,115.88054123711343
1092.4400002791467,115.80701288659797
1093.716000172839,115.7834845360825
1094.3580002167416,115.72995618556705
1095.0220009089658,115.72642783505158
1095.6650021285145,115.73289948453612
1096.301002266382,115.69937113402065
1096.9430035624105,115.6858427835052
1097.5860022922839,115.70231443298972
1098.227003260495,115.73878608247426
1098.8640029513335,106.69525773195879
1100.1310009143835,106.67172938144333
1101.422001253733,106.61820103092786
1102.6920004200556,106.5646726804124
1103.9850019068335,106.53114432989693
1105.2520006585228,106.51761597938147
1106.5340011142682,106.524087628866
1107.8040009545552,106.54055927835054
1109.0920007433424,106.56703092783509
1110.369001282173,106.58350257731962
1111.6580018211926,106.54997422680415
1112.9320015187097,106.53644587628868
1114.2010002706943,106.54291752577322
1115.490000620288,106.52938917525775
1116.7640004156215,106.5858608247423
1118.0640000486183,106.57233247422684
1119.3490001400205,106.61880412371137
1120.6410006254096,106.6352757731959
1121.9040004827802,106.54174742268043
1122.5530001837856,106.51821907216498
1123.1900001181411,106.49469072164952
1123.8270001134656,106.48116237113406
1124.465000022667,106.4776340206186
1125.102000188371,106.49410567010311
1125.7540000361823,106.50057731958766
1126.3850000659577,106.51704896907219
1127.02500000722,106.55352061855675
1127.6570002821563,106.53999226804126
1128.306000009004,106.5664639175258
1128.9450000521636,106.58293556701035
1129.5790000736642,106.56940721649488
1130.2100002333054,106.54587886597942
1130.854000073496,106.54235051546395
1131.4900000581927,106.51882216494847
1132.134000022356,106.51529381443302
1132.7730000223305,106.50176546391756
1133.42200002855,106.50823711340209
1134.6930002225415,106.52470876288663
1135.9750005204496,106.50118041237116
1137.2860006069618,106.57765206185572
1138.5680005887887,106.62412371134025
1139.851001990823,106.59059536082478
1141.1160004338903,106.5470670103093
1142.3880016377234,106.50353865979385
1143.654000934016,106.48001030927838
1144.2860003264564,106.49648195876293
1144.9320009686467,106.51295360824746
1145.5630011474718,106.53942525773199
1146.2050021109376,106.57589690721653
1146.840000548062,106.61236855670106
1147.5020033977253,106.6288402061856
1148.1410019516952,106.61531185567013
1148.7720007103508,106.58178350515468
1149.4100001058273,106.54825515463921
1150.0420007564442,106.48472680412374
1150.6880005824944,106.46119845360829
1151.3250007072147,106.47767010309282
1151.9600011071577,106.44414175257737
1152.5950017227547,106.4406134020619
1153.2530003627728,106.47708505154642
1154.0660000111864,106.45105670103096
1155.18100021471,106.4475283505155
1155.8370000214468,106.44400000000003
1156.4770002305147,nan
1157.1150001403835,nan
1157.7470001068837,nan
1159.0270001399253,nan
1160.4720006808834,nan
1161.5850002514505,nan
1162.85200006188,nan
1164.137000004229,nan
1165.4240002979286,nan
1166.861000243323,nan
1167.9970011428627,nan
1169.279001459887,nan
1170.554001178973,nan
1171.8230004750985,nan
1173.1200029810705,nan
1174.3900000216167,nan
1175.0380000141188,nan
1175.6690004148213,nan
1176.9360004785276,nan
1177.5770003655448,nan
1178.201000744381,nan
1178.8300010044072,nan
1179.4710006216292,nan
1180.7780000238574,nan
1182.0710008315943,nan
1183.3470002129936,nan
1184.6220003613344,nan
1185.9080004609175,nan
1187.1690000423337,nan
1188.4390004955812,nan
1189.7390006745154,nan
1190.978000116509,nan
1192.047000084,nan
1192.7340000290446,nan
1192.9960003588733,nan
1221.001,nan
1221.0,nan
1221.030083217913,nan
1221.2677928303744,nan
1221.5367233924471,nan
1221.9225074525443,nan
1222.4123314058677,nan
1223.6270688989823,nan
1224.91505427804,nan
1226.2000500959125,nan
1227.4740267222185,nan
1228.7640186759177,nan
1229.3970172680542,nan
1230.0370169303815,nan
1230.6780099710634,nan
1231.3240118655492,nan
1231.965008116732,nan
1233.2450106165736,nan
1234.5350062800132,nan
1235.8150077286514,nan
1237.1020124518645,nan
1238.3720301922372,nan
1239.653020291631,nan
1240.9180371522898,nan
1241.551029803881,nan
1242.1810386430884,nan
1242.8360117695518,nan
1243.484003224515,nan
1244.1140062732534,nan
1244.758006671436,nan
1245.409000512106,nan
1246.0510000399186,nan
1246.692000194613,nan
1247.3250004748338,nan
1247.983002408924,nan
1248.6270036196472,nan
1249.2610011323025,nan
1249.900001401384,nan
1250.5390004908766,nan
1251.8240011841422,nan
1253.0960002025174,nan
1254.3820023515666,nan
1255.0090113058288,nan
1255.6430150679757,nan
1256.9240171612253,nan
1257.5590172050618,nan
1258.1890220495243,nan
1258.826024123611,nan
1259.4780067830961,nan
1260.109003784295,nan
1260.750000918239,nan
1261.3970004950863,nan
1262.0530003166639,nan
1262.7030032611563,nan
1263.340002314596,nan
1263.9910074434179,nan
1264.6550143168,nan
1265.2930101709062,nan
1265.9340102928727,nan
1266.5720093259008,nan
1267.2190129059459,nan
1267.8630147024282,nan
1268.5030118939842,nan
1269.3020065007656,nan
1270.4110034101718,nan
1271.6830003650139,nan
1272.969000250149,nan
1274.2350010989012,nan
1275.5360001558604,nan
1276.8080001523078,nan
1278.0860007006972,nan
1279.373003845956,nan
1280.6540132095067,nan
1281.9280094948128,nan
1282.5610089748373,nan
1283.8490114003394,nan
1284.486009608417,nan
1285.1190062384003,nan
1285.7530041542475,nan
1286.3870005505682,nan
1287.6670012974935,nan
1288.9440014718002,nan
1290.230000122779,107.05947619047619
1291.5070000354574,106.96895238095237
1292.7950001253569,106.95842857142858
1294.0660008348616,106.96790476190476
1295.3460027573776,106.97738095238097
1296.6220018116421,106.93685714285714
1297.9220027625386,106.91633333333334
1299.2050014449203,106.95580952380953
1300.4880006541869,106.95528571428572
1301.7510010464266,106.98476190476191
1303.042001371249,106.99423809523809
1304.3060012123976,107.0037142857143
1305.5850013063782,107.02319047619048
1306.2450022816588,107.06266666666667
1306.8850026314258,107.09214285714285
1307.5220030628047,107.08161904761906
1308.157001571876,107.07109523809525
1308.794001104859,107.07057142857144
1309.4240000565458,107.08004761904762
1310.0440003593728,107.06952380952382
1310.6730005018233,107.049
1311.31500086918,107.0784761904762
1311.9560019789787,107.05795238095239
1312.5930023200463,107.04742857142857
1313.2320023039726,107.03690476190478
1313.8670012114098,107.02638095238096
1314.524002224028,107.02585714285715
1315.3090010285339,107.02533333333334
1316.4290014513408,107.02480952380952
1317.71000107538,107.05428571428573
1318.9820017350125,107.05376190476191
1320.2660007706565,107.0932380952381
1321.5520008154986,107.12271428571428
1322.8320014975645,107.14219047619048
1324.1080024488886,107.12166666666667
1325.4010004837119,107.18114285714287
1326.0390002142062,107.15061904761905
1326.6880011401483,107.14009523809523
1327.3220019281052,107.14957142857143
1327.9750027716757,107.14904761904762
1328.6110024207562,107.12852380952381
1329.2550025356795,107.13799999999999
1329.9040036729596,107.13747619047619
1330.5310023463676,107.12695238095239
1331.1790012570455,107.10642857142857
1331.815001128006,107.13590476190475
1332.4470003319964,107.13538095238094
1333.078000272132,107.12485714285715
1334.3680005380706,107.18433333333334
1335.6330002835134,107.19380952380952
1336.286000225526,107.19328571428571
1336.9320002156437,107.23276190476192
1337.5630001115276,107.2322380952381
1338.2040001578443,107.26171428571429
1338.8540004963768,107.27119047619048
1339.4910005738832,107.27066666666667
1340.1350003357536,107.25014285714286
1341.4010005190987,107.24961904761905
1342.6890000698502,107.22909523809524
1343.962000138254,107.21857142857142
1345.2520004708174,107.23804761904763
1346.502000498,107.25752380952382
1347.7750017432459,nan
1349.2040026364232,116.81700000000001
1350.3290030967532,116.83647619047619
1351.6020045328555,116.87595238095238
1352.8860057815082,116.91542857142859
1354.1620045959057,116.90490476190476
1355.4540054516785,116.91438095238097
1356.7360044682323,116.88385714285715
1358.0140027187003,116.87333333333335
1359.2950033696084,116.73280952380954
1360.5730006913946,116.69228571428572
1361.2240002175092,116.7117619047619
1361.855000014199,116.74123809523809
1362.4890000706769,116.77071428571429
1363.4510001298693,116.76019047619049
1363.7790000350192,116.77966666666667
1364.4240001743083,116.79914285714285
1365.079002627031,116.80861904761906
1365.7240038176114,116.82809523809524
1366.369004749981,116.81757142857144
1367.0260046156163,116.84704761904763
1367.6610034399055,116.87652380952383
1368.3080044125234,116.87600000000002
1368.9360015817651,116.8654761904762
1369.595003852754,116.86495238095239
1370.237003605004,116.87442857142858
1370.8700019550276,116.86390476190478
1371.513002504767,116.85338095238096
1372.1630015909977,116.83285714285715
1372.8120039555502,116.84233333333334
1373.4500041062643,116.83180952380954
1374.0870037690986,116.82128571428572
1374.888003444063,116.83076190476191
1376.0100034191341,116.8102380952381
1377.268001465431,116.81971428571428
1378.5600013740798,116.84919047619049
1379.8360007208694,116.87866666666667
1381.1210012115837,116.89814285714287
1382.3920011029047,116.92761904761905
1383.6760002981387,116.92709523809525
1384.3190005908682,116.94657142857143
1384.9620010307267,116.91604761904762
1385.5960009872658,116.93552380952381
1386.2490007776144,116.905
1386.8820007053207,116.9144761904762
1387.532001276031,116.8939523809524
1388.168001115644,116.89342857142859
1388.808000595919,116.89290476190477
1389.4480007153543,116.87238095238096
1390.0870011502955,116.86185714285716
1390.7280009957108,116.87133333333334
1391.3620007777556,116.87080952380953
1392.0050008420806,116.8802857142857
1392.6440007719466,116.91976190476191
1393.2750009780873,116.8992380952381
1393.901001379402,116.91871428571429
1395.18800049659,116.96819047619047
1396.4580000455949,116.98766666666668
1397.7350010665687,116.92714285714287
1399.012000811743,116.96661904761905
1400.2990007836072,116.94609523809524
1401.5680011519207,116.92557142857143
1403.0150011674862,116.89504761904763
1404.1390015780364,116.89452380952382
1405.4250008296056,116.874
1406.6960009720187,116.86347619047619
1407.9830010615938,116.8929523809524
1409.2560004249533,116.90242857142857
1409.893000307052,116.96190476190476
1410.5350003218402,116.97138095238095
1411.1770011699628,116.99085714285714
1411.8220021485993,117.00033333333334
1412.455000778251,116.98980952380953
1413.0890007600642,116.99928571428572
1413.7480019351692,116.9987619047619
1414.3790008403187,117.00823809523811
1415.0230015590935,116.9777142857143
1415.6510009683998,116.98719047619048
1416.3060013312443,116.97666666666667
1416.9500018499616,116.96614285714286
1417.5800012844643,116.93561904761906
1418.2190013893185,116.94509523809525
1418.8530014960602,116.93457142857143
1419.5050017782928,116.92404761904761
1420.136001016893,116.93352380952382
1420.7730008835028,116.923
1421.409000511454,116.9324761904762
1422.0550004476388,116.92195238095238
1422.6890004809384,116.94142857142857
1423.3300007759601,116.96090476190477
1423.9580001428867,116.96038095238096
1424.6110002013643,116.97985714285714
1425.2520003182344,116.96933333333334
1425.8860000976154,116.97880952380953
1426.527000413571,117.00828571428572
1427.15600024496,116.98776190476191
1427.820000357799,116.97723809523809
1428.4510000867674,116.96671428571429
1429.092000088903,116.96619047619049
1429.7340003281688,116.95566666666667
1430.383000162382,116.95514285714286
1431.0280003737596,116.93461904761905
1431.661000251589,116.92409523809525
1432.3030002508247,116.93357142857144
1432.946000075491,116.90304761904763
1433.5840000423361,116.92252380952381
1434.2170000398655,116.922
1434.8500001169043,116.8914761904762
1435.4900000932444,116.88095238095238
1436.1370000395098,116.90042857142858
1436.773000157573,116.90990476190476
1437.416000094725,116.91938095238096
1438.0470001497372,116.92885714285715
1438.7040001952191,116.95833333333334
1439.3450002312854,116.94780952380952
1439.9770002374678,116.98728571428572
1440.6190001206635,116.99676190476191
1441.2630007377545,116.9962380952381
1441.9100000588476,116.96571428571428
1443.1720001800406,116.96519047619047
1444.4630003803761,116.96466666666667
1445.1120004305883,116.97414285714287
1445.7450006629736,116.93361904761905
1446.3850002351533,116.92309523809524
1447.0340003738374,116.90257142857142
1447.6710005845475,116.91204761904763
1448.3060004399356,116.92152380952382
1449.5860006343346,116.901
1450.8470011768698,116.91047619047619
1452.1230012828667,116.92995238095239
1453.4220018178141,116.93942857142858
1454.695001499818,116.97890476190477
1455.3420016087598,117.01838095238095
1455.9900008511001,117.00785714285715
1456.6190010610349,116.99733333333334
1457.2560006200902,116.98680952380953
1457.901001673695,116.94628571428572
1458.5420011661095,116.94576190476191
1459.187000759907,116.94523809523811
1459.8250007578772,116.9447142857143
1460.4880002025154,116.91419047619048
1461.1340004684885,116.94366666666667
1461.7840009053757,116.98314285714285
1462.4300011038397,116.96261904761906
1463.0650006878318,116.98209523809524
1463.720000916694,116.98157142857143
1464.3530009060912,116.99104761904762
1464.981000741861,117.00052380952383
1465.6140008912,116.99000000000001
1466.8890010594212,116.9994761904762
1468.1610016547918,116.98895238095238
1469.5930013073578,117.00842857142857
1470.0790007407288,116.99790476190478
1470.7150003564063,117.01738095238096
1471.527001165543,117.05685714285715
1472.0050005836538,117.03633333333333
1472.6520008265381,117.05580952380954
1473.2880006916698,117.01528571428572
1473.9220007215663,117.0047619047619
1474.5640008715748,116.97423809523809
1475.190000786813,116.94371428571428
1475.8310020111367,116.95319047619049
1477.0920020305202,116.91266666666667
1478.363002335223,116.92214285714286
1479.6320022425687,116.92161904761905
1480.928001094534,116.94109523809524
1482.3580009221068,116.98057142857144
1483.4750007048292,117.01004761904763
1484.7520007677667,117.02952380952381
1486.0360012828446,117.00900000000001
1487.3150007585002,117.0184761904762
1488.9190012858364,116.9879523809524
1489.8770009297932,116.97742857142858
1490.5120008348422,116.95690476190477
1491.1630006699659,116.94638095238096
1491.8020006056086,116.94585714285715
1492.4390009910146,116.98533333333334
1493.069001075095,116.96480952380952
1493.7150015199018,116.97428571428573
1494.3570014815791,117.00376190476192
1494.9830022209408,116.9932380952381
1495.629001609444,117.0127142857143
1496.271001965336,116.99219047619047
1496.915001248573,117.00166666666668
1497.545001739319,116.97114285714287
1498.1850016685607,116.95061904761906
1498.8220017313242,116.95009523809524
1499.4740015100153,116.92957142857144
1500.1180012557413,116.91904761904763
1500.756001124194,116.91852380952382
1501.3980010021469,116.908
1502.0420018733853,116.90747619047619
1502.6830011165034,116.9169523809524
1503.3160014062255,116.91642857142858
1503.9490014649284,116.91590476190477
1504.6030010313714,116.92538095238095
1505.2310016922854,116.89485714285715
1505.8730006494122,116.90433333333334
1507.141000197455,116.94380952380953
1508.4290002939856,116.98328571428571
1509.7050012781212,117.00276190476191
1510.9940004431126,116.9822380952381
1512.2760002351722,116.9717142857143
1513.5610002734472,116.90119047619048
1514.8350001242193,116.89066666666666
1516.1290005421358,116.87014285714287
1517.3990003255747,116.84961904761906
1518.6770000016797,116.85909523809524
1519.3160000284934,116.90857142857143
1519.9500001505269,116.89804761904762
1520.7410000834052,116.89752380952382
1521.2250000666168,116.897
1521.8660000166187,116.9064761904762
1522.5160000265325,116.88595238095238
1523.1460001075639,116.90542857142859
1523.8090001073283,116.93490476190478
1524.4370000560248,116.91438095238095
1525.0780001118133,116.91385714285714
1525.7100001329131,116.93333333333334
1526.3490001064356,116.91280952380953
1526.9910000081702,116.90228571428572
1527.7870000211874,116.8917619047619
1528.4310000081318,116.88123809523809
1528.9040000064956,116.8607142857143
1529.5630000162041,116.86019047619048
1530.1960000598326,116.83966666666667
1531.4690000144942,116.82914285714286
1532.7490000256616,116.82861904761904
1534.0310001661178,116.85809523809525
1535.3130002752034,116.87757142857143
1535.9540003683078,116.93704761904762
1536.5970003501302,116.91652380952381
1537.2320002925069,116.95600000000002
1537.891000323455,116.9254761904762
1538.53600052435,116.94495238095239
1539.1810007055733,116.93442857142857
1539.837002266048,116.94390476190476
1540.4690017669946,116.92338095238097
1541.1270031378172,116.89285714285715
1541.7630030458624,116.89233333333334
1542.398002372448,116.90180952380952
1543.031002523049,116.86128571428573
1543.6750015030602,116.85076190476191
1544.3180017938994,116.8702380952381
1544.9490009461365,116.84971428571428
1545.5890013709645,116.84919047619047
1546.2370007871184,116.81866666666667
1546.8810007379993,116.85814285714287
1547.517000970853,116.87761904761905
1548.1530008100185,116.88709523809524
1549.1190009158263,116.91657142857144
1549.443001262015,116.92604761904762
1550.0870012306777,116.92552380952381
1550.7180009280657,116.905
1551.3720016587363,116.93447619047619
1552.0020013564872,116.9439523809524
1552.6500026111864,116.93342857142858
1553.276001121056,116.90290476190476
1553.916001719653,116.89238095238095
1554.7170009424153,116.83185714285715
1555.2050008452895,116.85133333333334
1555.847001558921,116.86080952380952
1556.4780008838136,116.83028571428571
1557.1230009907088,116.7997619047619
1557.754001023002,116.7892380952381
1558.3950008372976,116.79871428571428
1559.0300007292253,116.81819047619048
1559.6690009227298,116.81766666666667
1560.3200009681127,116.80714285714286
1561.1180007953121,116.86661904761905
1562.2280007458357,116.84609523809524
1562.8800005996256,116.84557142857143
1564.32600091167,116.83504761904761
1565.4500015154595,116.84452380952382
1566.8800007011102,116.73400000000001
1567.9880006484373,116.79347619047618
1569.2720003689644,116.74295238095239
1570.5450005178159,116.74242857142859
1571.8200003776865,116.75190476190477
1573.1000008207895,116.75138095238096
1574.387001021543,116.77085714285715
1575.6690007852392,116.81033333333333
1576.951000657394,116.81980952380952
1578.2290008803875,116.79928571428572
1579.5140006038816,116.80876190476191
1580.1450005861143,116.7482380952381
1580.7860007143136,116.7277142857143
1581.4240009017158,116.72719047619049
1582.0740008377784,116.73666666666668
1582.6950006248358,116.69614285714286
1583.318000437461,116.70561904761905
1583.9590003195954,116.72509523809525
1584.6020004194147,116.72457142857144
1585.2390003308267,116.70404761904763
1585.8700004289199,116.73352380952382
1586.5130007728862,116.72300000000001
1587.1460007920336,116.7424761904762
1587.8050009500962,116.75195238095237
1588.4310007960678,116.80142857142857
1589.7020008814707,116.79090476190476
1590.3560007282947,116.80038095238096
1591.3010004388323,116.75985714285716
1592.2680006801017,116.71933333333334
1593.556000736802,116.71880952380953
1594.8310005630888,116.68828571428573
1596.1080013822686,116.69776190476192
1597.3940007505432,116.7272380952381
1598.6930007744386,116.73671428571429
1599.984002064731,116.79619047619047
1601.2830036420246,116.84566666666667
1602.5610039757732,116.89514285714286
1603.8330037366163,116.86461904761904
1604.4870034642636,116.83409523809523
1605.1230035014826,116.83357142857143
1605.7590041701428,116.82304761904763
1606.3940038000073,116.82252380952382
1607.1950035241264,116.822
1607.6750027684748,116.84147619047619
1608.9350016755384,116.81095238095239
1609.595002316036,116.79042857142858
1610.2290021915119,116.79990476190476
1610.8720020519554,116.82938095238094
1611.5040018501732,116.86885714285715
1612.1440020069335,116.82833333333333
1612.7900015748232,116.81780952380953
1613.433002269177,107.3672857142857
1614.0580015163157,107.29676190476191
1614.8650015601793,107.2762380952381
1615.495001106478,107.26571428571428
1615.9860012405502,107.27519047619047
1616.6340012764322,107.25466666666667
1617.2710014699537,107.22414285714287
1617.919001813972,107.20361904761906
1618.555001755732,107.16309523809524
1619.186002122124,107.17257142857142
1619.8160021187714,107.16204761904763
1620.448001983988,107.12152380952382
1621.090002381964,107.14099999999999
1621.732000783566,107.1504761904762
1622.3550013579002,107.14995238095239
1622.9870014577587,107.13942857142857
1623.6250025594536,107.14890476190477
1624.2680021920905,107.15838095238095
1624.8990025674734,107.20785714285715
1625.5470021802164,107.17733333333334
1626.1920026222137,107.18680952380953
1626.8370026513107,107.15628571428572
1627.471002925178,107.13576190476189
1628.116002315065,107.1452380952381
1628.7620021936816,107.12471428571429
1629.5540026336787,107.10419047619048
1630.0360032099863,107.10366666666667
1630.674002696046,107.09314285714285
1631.3020033146317,107.07261904761906
1631.9480032631866,107.07209523809524
1632.5900024210987,107.09157142857143
1633.2200035539277,107.10104761904762
1633.8600031124352,107.08052380952381
1634.5050030205198,107.08000000000001
1635.1420029760325,107.1094761904762
1635.7810026447692,107.11895238095238
1636.4130033665292,107.12842857142856
1637.061002962306,107.11790476190477
1637.705002021814,107.11738095238096
1638.3470019192662,107.13685714285715
1638.9880020335513,107.11633333333333
1639.6220023529581,107.13580952380953
1640.2680027595713,107.08528571428572
1640.9080025731828,107.0847619047619
1641.5440030115756,107.05423809523809
1642.1800038380266,107.06371428571428
1642.8340031149694,107.05319047619048
1643.4640033636,107.03266666666667
1644.7320035706532,107.03214285714286
1646.0350021927607,107.04161904761905
1647.3260013663253,107.07109523809524
1648.6250007448116,107.13057142857144
1649.9130001363912,107.13004761904763
1651.1970001975837,107.12952380952382
1652.4640002711699,107.079
1653.7540001964164,107.0784761904762
1655.0280002695679,107.03795238095239
1656.3070004433653,107.03742857142858
1657.5730008532364,107.03690476190476
1658.8460011533737,107.06638095238095
1660.1340012080595,107.06585714285715
1660.77600067307,107.10533333333333
1661.4120010274469,107.10480952380952
1662.0580008445602,107.09428571428572
1662.6970008297544,107.07376190476191
1663.339000825159,107.0532380952381
1663.9810004390706,107.05271428571429
1664.6230006537082,107.04219047619047
1665.252001018566,107.01166666666666
1665.8910007428785,107.00114285714287
1666.5250004949216,106.99061904761906
1667.1660004762803,106.99009523809525
1667.809001370832,106.97957142857142
1668.4500007296906,106.98904761904764
1669.7240005493354,106.98852380952383
1671.0180005788657,106.98800000000001
1672.2810003767054,nan
1673.5530007700754,nan
1674.8180005508816,nan
1676.0970005416427,nan
1677.3720005806667,nan
1678.6540007101435,nan
1679.2970003185708,nan
1680.0880009856498,nan
1680.7310004448254,nan
1681.2060010451842,nan
1681.849000850604,nan
1682.4830010585438,nan
1683.1290009196566,nan
1683.770000662316,nan
1684.4340006581306,nan
1685.076000673381,nan
1685.7200006735238,nan
1686.3700006575414,nan
1687.0240010568125,nan
1687.6640010907204,nan
1688.3040009608305,nan
1688.932000526786,nan
1689.5780004716398,nan
1690.2180007043635,nan
1690.8470003852317,nan
1691.4850005313665,nan
1692.1120001379713,nan
1693.0850002075897,nan
1694.0460001056979,nan
1694.6830003588898,nan
1695.3360005744873,nan
1695.969000737943,nan
1696.6050009009577,nan
1697.2440008745516,nan
1697.89200076013,nan
1698.5300005109625,nan
1699.1680006284403,nan
1700.4350005308331,nan
1701.71600027043,nan
1702.982000403542,nan
1704.2700000879427,nan
1705.5520000299246,nan
1706.8480001070293,nan
1708.1230000995643,nan
1709.5590001309974,nan
1710.041000102241,nan
1710.8430001847532,nan
1711.3020000530287,nan
1711.9600000753626,nan
1712.5900001078135,nan
1713.2260000132053,nan
1713.8500000902911,nan
1714.505000101316,nan
1715.154000102195,nan
1715.7980002233235,nan
1716.4510001866986,nan
1717.1050000524083,nan
1717.754000235529,nan
1718.3970003508264,nan
1719.040000437716,nan
1719.6770002747269,nan
1720.9630004210312,nan
1722.2230010374624,nan
1723.5120006467507,nan
1724.7860005885436,nan
1726.0800001831392,nan
1727.3490000957838,nan
1728.64000009554,nan
1729.908000227939,nan
1731.1950003302659,nan
1731.8290002632975,nan
1732.4700002707882,nan
1733.1050002284687,nan
1733.7520001764985,nan
1734.3730008668163,nan
1735.0170006702115,nan
1735.6540005323966,nan
1736.2940005482305,nan
1736.9520003740658,nan
1737.577000395875,nan
1738.215000364452,nan
1738.8490001515886,nan
1740.1280002167096,nan
1741.0710002634255,nan
1741.3950001777496,nan
1742.0470000700514,nan
1742.6950002779402,nan
1743.3320005992357,nan
1743.978001496239,nan
1744.6290040830436,nan
1745.2560014849614,nan
1745.900001741284,nan
1746.5330015831546,nan
1747.8240018696947,nan
1749.106001107732,nan
1750.391001349664,nan
1751.6630017431025,nan
1752.943002121468,nan
1754.2070004369784,nan
1755.4760002741002,nan
1756.7770012262565,nan
1758.0510014039637,nan
1759.6560014721827,nan
1759.9710014073114,nan
1761.2560027912693,nan
1762.528000392408,nan
1763.7970000479,nan
1765.0950002297393,nan
1766.3840000953455,nan
1767.676000143595,nan
1768.3140002503133,nan
1768.9490003540477,nan
1769.5920002916557,nan
1770.2270002230407,nan
1770.8690001545824,nan
1771.502000055404,nan
1772.157000277598,nan
1772.7960000154044,nan
1773.428000066072,nan
1774.0690000659954,nan
1774.7020000225752,nan
1775.34900000451,nan
1775.988000046848,nan
1777.2550000764038,nan
1778.5330004107382,nan
1779.8080004303804,nan
1781.10200004642,nan
1782.3680001612133,nan
1783.661000094195,nan
1784.9580004539343,nan
1785.6020006845529,nan
1786.2650036841128,nan
1786.9000016796253,nan
1787.5310013150206,nan
1788.1680013893592,nan
1788.7930011562312,nan
1789.4430014812392,nan
1790.0710018670782,nan
1790.6960008565973,nan
1791.3290012010611,nan
1791.977000883573,nan
1792.6060007391457,nan
1793.2410006334744,nan
1793.883001679226,nan
1794.5330025613173,nan
1795.8200021963398,nan
1796.4490005647763,nan
1797.0850002126422,nan
1797.7340000918966,nan
1798.3720001706006,nan
1799.0030006133188,nan
1800.2890006974067,nan
1801.5710004426678,nan
1802.8790000910842,nan
1804.1550000008574,nan
1804.7910000068518,nan
1805.4420005218653,nan
1806.075000004273,nan
1806.7010000495134,nan
1807.3370000613982,nan
1807.9810000289617,nan
1808.6280000961492,nan
1809.2580000034,nan
1809.8940000042453,nan
1810.5300000033926,nan
1811.1750001059008,nan
1811.8150000008463,nan
1812.4570000625574,nan
1813.0980001055568,nan
1813.750000258119,nan
1814.383000114597,nan
1815.023000057237,nan
1815.667000461603,nan
1816.3090007869864,nan
1816.964001668725,nan
1817.601001314111,nan
1818.2380015580054,nan
1818.867000548617,nan
1819.5100003776042,nan
1820.151000468997,nan
1820.7920014046535,nan
1821.4330012407713,nan
1822.0880025320753,nan
1822.7190000141263,nan
1823.3490001834484,nan
1823.9830004544074,nan
1824.61900037855,nan
1825.2610004211756,nan
1825.8860005769682,nan
1826.5170006407748,nan
1827.1500004990512,nan
1827.8010007028665,nan
1828.4480003292463,nan
1829.0990000534453,nan
1829.7430003367595,nan
1830.3980019535675,nan
1831.0300000532761,nan
1831.6650001211792,nan
1832.2950000826115,nan
1832.9320001576973,nan
1833.5930004121824,nan
1834.225000415019,nan
1834.8490000692354,nan
1835.4820000732325,nan
1836.1370001113573,nan
1836.77700036458,nan
1837.4190008111366,nan
1838.0500007009155,nan
1838.6880012732965,nan
1839.2720001051316,nan
1839.8050002270506,nan
1840.252000449736,nan
1840.8690002403735,nan
1861.0,nan
1861.0083066238628,nan
1861.1377025780441,nan
1861.320943920335,nan
1861.6207431030628,nan
1862.0324533887783,nan
1862.5552784316642,nan
1863.1461595933201,nan
1863.7781261670414,nan
1865.0830358803223,nan
1866.3551055078308,nan
1867.6460169274537,nan
1868.9220265715282,nan
1869.5570208016575,nan
1870.2090015745464,nan
1870.99801460291,nan
1871.478019564784,nan
1872.1220115536714,nan
1872.7550171841644,nan
1873.4090043919728,nan
1874.2070098432612,nan
1874.69101475421,nan
1875.3250186038274,nan
1875.979007076572,nan
1876.6230141458043,nan
1877.2610148822268,nan
1877.892028711792,nan
1878.5310226170636,nan
1879.3220324473023,nan
1880.4410372922846,nan
1881.7210333960447,nan
1883.000011681815,nan
1884.2890003864486,nan
1885.5680001831652,nan
1886.8630042725124,nan
1887.6460003189973,nan
1888.137001197627,nan
1888.7810011698643,nan
1889.4140002991483,nan
1890.0690046785232,nan
1890.7040004208188,nan
1891.3370009559285,nan
1892.6220007115298,nan
1893.9040033582542,nan
1895.3310125979413,nan
1895.8130149656706,nan
1896.4440183387833,nan
1897.077024516997,nan
1897.7140164787238,nan
1898.3590226183717,nan
1898.9950159231444,nan
1899.7960059413338,nan
1900.2600055145183,nan
1900.9210012649983,nan
1901.5660001109304,nan
1902.2060001941466,nan
1902.8590017678396,nan
1903.5120051279637,nan
1904.1640094986553,nan
1904.8130116175548,nan
1905.4510099097872,nan
1906.740008143856,nan
1907.3730088413508,nan
1908.655008236281,nan
1909.3050143359878,nan
1909.934002830343,nan
1910.56000041364,nan
1911.8550012289843,nan
1913.1240003453304,nan
1913.7640006917595,nan
1915.0540007585007,nan
1915.6910004114022,nan
1916.3220004518998,nan
1916.9660009738054,nan
1917.6110026143328,nan
1918.2590028379818,nan
1919.5320052108245,nan
1920.8230084666427,nan
1922.0860080214775,nan
1923.3700115440106,nan
1924.6380047220214,nan
1925.9210056992342,nan
1927.193000619401,nan
1928.631000502728,nan
1929.9200016831107,nan
1931.0410012135749,nan
1932.3130000701135,nan
1933.5890003375166,nan
1934.8640047790532,104.79817705382438
1935.5070036775066,104.77635410764873
1936.149001869619,104.7645311614731
1936.7930010555065,104.78270821529745
1937.4440024396943,104.77088526912182
1938.0830030227157,104.76906232294618
1938.7230031715194,104.77723937677052
1939.3730006252154,104.77541643059489
1940.0070010125685,104.80359348441925
1940.802001284429,104.80177053824362
1941.2720008533486,104.81994759206799
1941.908001662382,104.80812464589236
1942.5540016798686,104.80630169971673
1943.3440017487612,104.81447875354108
1943.9920016929343,104.83265580736546
1944.6350016560052,104.84083286118981
1945.1170016702927,104.85900991501418
1945.7590018464116,104.87718696883853
1946.4090028217165,104.87536402266288
1947.6920026415355,104.89354107648725
1948.95200105171,104.88171813031163
1950.1970005437402,104.86989518413597
1951.4840008012466,104.85807223796034
1952.7520012043333,104.8562492917847
1954.0360013973086,104.82442634560907
1955.3140007899146,104.82260339943343
1956.5970008891493,104.8207804532578
1957.870000872303,104.84895750708216
1958.516001845851,104.84713456090653
1959.1480012735867,104.88531161473088
1959.790000860411,104.90348866855526
1960.4270010309071,104.9016657223796
1961.0620011043154,104.90984277620396
1961.8760005402673,104.92801983002833
1962.3550009126338,104.9261968838527
1962.9940013334117,104.93437393767705
1963.6270018172606,104.93255099150142
1964.278000992467,104.91072804532578
1964.926000625445,104.92890509915014
1965.5560008846933,104.9270821529745
1966.1930002756837,104.91525920679888
1967.007000514117,104.92343626062323
1967.6420013690665,104.9116133144476
1968.2940043105857,104.88979036827196
1968.7630014708202,104.89796742209631
1969.408001683455,104.88614447592067
1970.0660069361668,104.89432152974504
1970.7000020875114,104.8824985835694
1971.33500117823,104.87067563739377
1972.1340008683212,104.88885269121813
1973.2530005211443,104.9170297450425
1974.52200042723,104.92520679886687
1975.8100003875968,104.96338385269122
1977.0880002153538,104.96156090651559
1978.5290003063074,104.97973796033996
1979.6450007796368,104.94791501416432
1980.928000375225,104.98609206798866
1982.2090004372612,106.84426912181303
1983.4960017674046,107.03244617563739
1984.7780004685808,107.46062322946175
1986.027000115975,108.13880028328612
1987.2920017815854,109.10697733711048
1988.730002168637,110.56515439093485
1989.8490030462012,113.1033314447592
1991.1230046609744,113.70150849858356
1992.408005848198,114.95968555240795
1993.6880041337574,114.9978626062323
1994.9740056615462,115.01603966005668
1995.6070054231948,115.00421671388102
1996.2530048242922,114.98239376770539
1996.891003771405,114.98057082152975
1997.5380022338104,114.94874787535412
1998.1870023799631,114.97692492917848
1998.8190024670039,114.94510198300284
1999.451002834938,114.9532790368272
2000.10000073688,114.93145609065157
2001.5410000177885,114.97963314447593
2002.6520000600062,114.9678101983003
2004.094000017471,114.95598725212464
2004.5850000348225,114.99416430594903
2005.2350011543663,115.01234135977339
2005.89100345087,115.01051841359774
2006.546003466258,115.0186954674221
2007.1870034818417,115.03687252124645
2007.8210026733232,115.05504957507083
2008.4780058110362,115.02322662889519
2009.1100019782593,115.04140368271956
2009.7540032805841,115.0295807365439
2010.3880017136585,114.99775779036828
2011.0410040155691,115.04593484419264
2011.6850019245446,115.04411189801701
2012.9740039908143,115.03228895184138
2014.257004936153,115.02046600566572
2015.531002992927,115.02864305949011
2016.810003250754,115.03682011331445
2018.242001961944,115.0449971671388
2019.3630011524156,115.07317422096317
2020.8020008510532,115.06135127478754
2021.2810005396773,115.0995283286119
2021.9210006121016,115.09770538243626
2023.208000493194,115.09588243626062
2023.8400004697862,115.114059490085
2024.6510010785146,115.08223654390936
2025.2780007913416,115.04041359773372
2025.9160009247132,115.08859065155808
2026.5660013438749,115.05676770538244
2027.041000978674,115.0549447592068
2027.8570012465764,115.03312181303116
2028.4860006746833,115.05129886685552
2028.9690006727433,115.06947592067989
2029.6070006701975,115.03765297450425
2030.2450006056308,115.06583002832862
2030.8970012831303,115.07400708215297
2031.5330009880786,115.03218413597735
2032.1700011509026,115.0803611898017
2033.4420009075516,115.05853824362607
2034.7160009786087,115.14671529745044
2035.9970000371436,115.1348923512748
2037.2520008453805,115.15306940509916
2038.5240010421126,115.14124645892352
2039.9770007403185,115.15942351274788
2041.087001013399,115.12760056657224
2042.3880011687652,115.0857776203966
2043.6560010949545,115.10395467422097
2044.937001307513,115.07213172804533
2046.3780010896655,115.09030878186968
2047.5050008927374,115.08848583569404
2048.9400004176864,115.12666288951843
2050.064000997017,115.16483994334278
2050.704000803884,115.20301699716714
2051.332000851144,115.22119405099151
2051.977001549925,115.22937110481587
2052.7720002633337,115.22754815864022
2053.9030010056867,115.23572521246459
2055.1880033086495,115.21390226628895
2056.463001854571,115.20207932011333
2057.7300012707774,115.20025637393769
2059.0200015452983,115.17843342776204
2060.292001209281,115.20661048158641
2061.579000448701,115.21478753541076
2062.8420001684485,115.22296458923513
2064.278000083629,115.21114164305949
2065.5650000317746,115.22931869688387
2066.8460003036253,115.23749575070822
2067.9770001570223,115.23567280453258
2069.267000905088,115.21384985835694
2070.0500000478355,115.18202691218131
2070.712001490139,115.20020396600566
2071.3500004753982,115.17838101983004
2071.977000059248,115.16655807365439
2072.6160000803343,115.15473512747876
2073.267000520571,115.16291218130311
2073.9060001221196,115.18108923512749
2074.5380000304394,115.15926628895184
2075.0190002266154,115.17744334277621
2075.6630000302803,115.19562039660057
2076.3010001207613,115.20379745042494
2076.9350001690323,115.20197450424929
2077.584000186994,115.22015155807365
2078.2170005179155,115.23832861189801
2078.864000286876,115.25650566572239
2079.4960004851346,115.26468271954674
2080.299000695398,115.25285977337111
2081.59100027653,115.27103682719547
2082.6920007059343,115.24921388101984
2083.982000524706,115.2473909348442
2085.272000579653,115.20556798866856
2086.5520004544405,115.17374504249292
2087.9920005991403,115.16192209631728
2089.1060007123883,115.15009915014166
2089.743000633899,115.158276203966
2090.3780009264183,115.15645325779036
2091.023000226064,115.16463031161473
2091.661000958116,115.1928073654391
2092.296002120659,115.19098441926346
2093.1100018137954,115.21916147308782
2093.5810016854343,115.24733852691219
2094.2290009111216,115.25551558073656
2095.013002292608,115.26369263456091
2095.6720007244153,115.30186968838528
2096.148001029139,115.28004674220965
2096.9340021192365,115.29822379603401
2098.2260011486937,115.27640084985836
2099.3550009250907,115.25457790368272
2100.155000930359,115.21275495750709
2101.294000853122,115.22093201133144
2101.941001137208,115.2191090651558
2103.3860009984073,115.22728611898017
2104.0360017137377,115.20546317280454
2104.6630006566447,115.2036402266289
2105.14800165883,115.19181728045326
2105.778000669995,115.20999433427762
2106.4050004074898,115.20817138810199
2107.043000898217,115.23634844192635
2107.690001785642,115.24452549575072
2108.9530005424417,115.26270254957507
2110.230000437347,115.28087960339944
2111.527000896111,115.2790566572238
2112.973000724284,115.29723371104815
2114.0900004366035,115.25541076487252
2115.351000786315,115.25358781869689
2115.998002572569,115.23176487252125
2116.771001651868,115.23994192634562
2117.257002234085,115.23811898016999
2118.0560027562087,115.25629603399435
2118.5180021940214,115.2144730878187
2119.171003573213,115.22265014164307
2119.804001966739,115.21082719546743
2120.446001397208,115.22900424929179
2121.081000970851,115.22718130311615
2121.884000622882,115.00535835694052
2122.3650008111263,114.87353541076487
2123.1610006961373,115.20171246458924
2123.801000580287,115.18988951841361
2124.43400083892,115.19806657223796
2124.9240006687533,115.17624362606233
2125.554001198243,115.19442067988669
2126.1910016026186,115.17259773371106
2126.9970007537677,115.17077478753542
2127.4820005722713,115.15895184135978
2128.2700012721216,115.15712889518413
2128.7530014715053,115.1453059490085
2129.559001266016,115.14348300283287
2130.189001504519,115.14166005665723
2130.6730017669547,115.1698371104816
2131.4840005508645,115.16801416430596
2131.952001271443,115.16619121813032
2132.758001105763,115.19436827195469
2133.38200166127,115.17254532577904
2133.8760012038438,115.19072237960341
2135.159000833458,115.20889943342777
2136.430001470428,115.22707648725213
2137.871001805895,115.24525354107651
2139.1420022236844,115.18343059490086
2140.440002021901,115.15160764872522
2141.7110023600785,115.13978470254958
2143.0020015070813,115.09796175637393
2143.633002230808,115.1061388101983
2144.1140014075604,115.09431586402266
2144.755002255467,115.09249291784703
2145.3930019866875,115.1106699716714
2146.0330005964224,115.10884702549576
2146.6740007176013,115.11702407932012
2147.315000143199,115.15520113314449
2148.119000870719,115.16337818696886
2148.755000300603,115.1715552407932
2149.389000700443,115.18973229461757
2150.0230006262477,115.18790934844193
2150.515000706354,115.2160864022663
2151.9680004296006,115.21426345609066
2153.2520012129944,115.21244050991503
2154.5240001260545,115.18061756373939
2155.638000049213,115.16879461756375
2156.919000277103,115.16697167138811
2157.719000016851,115.16514872521248
2158.2040000016823,115.14332577903684
2158.835000028539,115.1315028328612
2159.6410000485535,115.10967988668557
2160.117000193904,115.09785694050991
2160.9040000683553,115.07603399433428
2162.2000000265602,115.08421104815864
2163.478000067774,115.092388101983
2163.965000112224,115.07056515580737
2164.7560002139876,115.07874220963173
2165.2340001659904,115.07691926345609
2166.0280000868775,115.05509631728046
2166.514000027822,115.05327337110482
2167.3110000865136,115.04145042492918
2167.788000021187,115.04962747875355
2168.589000021132,115.04780453257791
2169.2340001167945,115.06598158640227
2169.8850003269827,115.07415864022663
2170.517000103387,115.07233569405099
2170.9910000209684,115.08051274787536
2171.7780001431893,115.08868980169972
2172.418000208723,115.06686685552408
2172.9060000512977,115.07504390934845
2173.5380003727546,115.10322096317282
2174.3450007818856,115.10139801699718
2174.825000900183,115.11957507082154
2175.6420002606137,115.1377521246459
2176.273000659746,115.13592917847026
2176.9210004114952,115.12410623229464
2177.4020003444984,115.09228328611898
2178.0520003611396,115.03046033994335
2178.690000280147,114.9786373937677
2179.3530016852364,114.94681444759206
2180.0000030407523,114.87499150141643
2180.63300132965,114.8831685552408
2181.4380017288836,114.85134560906516
2182.0730017254646,113.39952266288952
2182.5590037084953,113.26769971671389
2183.343001641109,112.76587677053826
2183.9990029783376,111.35405382436261
2184.468001429817,110.26223087818698
2185.1180023340266,109.38040793201134
2185.765002084584,108.85858498583569
2186.39900117548,108.36676203966006
2187.0420012222353,107.94493909348442
2187.8380011213508,107.55311614730878
2188.328001412956,107.28129320113314
2189.122001648777,107.0494702549575
2189.7680017595994,106.94764730878187
2190.8890020385643,105.72582436260623
2192.1590010659534,104.9940014164306
2193.594000674997,104.94217847025496
2194.721000779094,104.94035552407932
2196.013001961118,104.93853257790369
2197.4380013226805,104.92670963172804
2198.553000666562,104.9448866855524
2199.8450011347372,104.95306373937677
2201.1120009555675,104.97124079320113
2202.5560009383526,104.9794178470255
2203.8440009989968,104.98759490084986
2205.1160006044474,104.97577195467423
2206.402000400982,104.95394900849858
2207.5190009768585,104.93212606232295
2208.7960004887923,104.95030311614731
2210.0800007591383,104.92848016997168
2210.863000348708,104.91665722379604
2211.5160005377784,104.9248342776204
2212.1490005610153,104.92301133144476
2212.788000847101,104.90118838526912
2213.4220011137218,104.91936543909348
2214.079001332563,104.92754249291785
2214.7110012736384,104.92571954674222
2215.3600009397223,104.95389660056658
2215.987000863412,104.95207365439094
2216.644001439642,104.9402507082153
2217.275001354291,104.92842776203966
2217.9140008965746,104.91660481586403
2218.5430008572393,104.9147818696884
2219.8320009642393,104.87295892351277
2221.1080009108377,104.88113597733712
2222.3850008204545,104.86931303116148
2223.642000370889,104.84749008498584
2224.757000376625,104.86566713881021
2226.1970006311662,104.88384419263456
2227.46900083636,104.88202124645892
2228.7530008334397,104.91019830028328
2229.8730007658464,104.89837535410766
2231.1410004673894,104.87655240793201
2231.9520006496796,104.84472946175637
2232.5860008746295,104.83290651558075
2233.2370013029335,104.8210835694051
2233.8750007106937,104.79926062322947
2234.5100006023936,104.78743767705382
2235.1440008085124,104.78561473087818
2235.792001091272,104.79379178470255
2236.4350012705263,104.8019688385269
2236.9040010880435,104.78764589235126
2237.7190006636247,104.78582294617563
2238.3620005631196,104.78399999999999
2239.0240022921826,nan
2239.663001056348,nan
2240.3170026218177,nan
2240.9560033819707,nan
2241.610004353538,nan
2242.235002314845,nan
2242.8800025675605,nan
2243.3610032011634,nan
2244.0020026331454,nan
2244.6390021061466,nan
2245.9280045579953,nan
2247.1980030036407,nan
2248.473002916332,nan
2249.7490021826425,nan
2251.194002055388,nan
2252.3160019638863,nan
2253.755002039439,nan
2255.0260018336353,nan
2256.3170014229086,nan
2257.440001576531,nan
2258.710002037917,nan
2259.9820019061012,nan
2261.420001324859,nan
2262.6760020165507,nan
2263.9540015311923,nan
2265.226002212871,nan
2265.8670023032255,nan
2266.514002072678,nan
2267.1550031133434,nan
2267.7930026967033,nan
2268.433002859366,nan
2269.0840015009167,nan
2270.187003844208,nan
2271.628003074559,nan
2272.7380035034416,nan
2274.174003389613,nan
2274.8240020540134,nan
2275.455004077644,nan
2276.1040028197754,nan
2276.7320040278355,nan
2277.3880019224857,nan
2278.0260019615084,nan
2278.674002127257,nan
2279.307003002579,nan
2279.938003327461,nan
2281.2250032661077,nan
2282.5050030948623,nan
2283.7810040706654,nan
2285.069002095178,nan
2286.3730007722634,nan
2287.6600011027517,nan
2288.9570006402514,nan
2290.0860002726727,nan
2290.7170001407903,nan
2291.357000188216,nan
2292.151000376898,nan
2292.789000261702,nan
2293.42300022663,nan
2293.9100003060685,nan
2294.716000296277,nan
2295.350000672269,nan
2295.981000977054,nan
2296.6160005475003,nan
2297.2630003312224,nan
2297.901000890362,nan
2298.5370010341985,nan
2299.1800006584053,nan
2299.8230003794242,nan
2300.472000373175,nan
2301.0980008020942,nan
2302.384000277536,nan
2303.654001071943,nan
2304.9400008841285,nan
2306.2070009456274,nan
2307.3350006833434,nan
2308.767001217151,nan
2310.045000730439,nan
2311.330001130282,nan
2312.4440007487087,nan
2313.8710001876916,nan
2315.133000415077,nan
2316.4170004446473,nan
2317.6910003963294,nan
2318.974000283859,nan
2319.4500004111683,nan
2320.2470008470386,nan
2320.8820007882455,nan
2321.6910006783287,nan
2322.1710005648665,nan
2322.813000819596,nan
2323.454000744939,nan
2324.1050005398342,nan
2325.4040005135616,nan
2326.690000237282,nan
2327.9850006263587,nan
2329.2550003096603,nan
2330.371000349404,nan
2331.811000409931,nan
2333.095000894947,nan
2333.7300000856726,nan
2334.369000188014,nan
2334.863000625708,nan
2335.653000893284,nan
2336.2890004218484,nan
2336.9240002573943,nan
2337.5670002371126,nan
2338.2180006213093,nan
2338.8560008475356,nan
2339.3170001432104,nan
2340.1260001774062,nan
2340.7730007013733,nan
2341.412000617179,nan
2342.03700028792,nan
2342.6730003498224,nan
2343.3080002705738,nan
2343.9540002650356,nan
2345.2310000134235,nan
2346.5270005787524,nan
2347.1700003969804,nan
2347.807000124279,nan
2348.4440000543655,nan
2349.084000133174,nan
2349.723000591337,nan
2350.1870000040885,nan
2350.9930000326535,nan
2352.271000115008,nan
2353.5370001319698,nan
2354.1960001297657,nan
2354.834000010125,nan
2355.4780001961662,nan
2356.122000446355,nan
2356.7730004649306,nan
2357.428000081583,nan
2358.07100014686,nan
2358.7170006288716,nan
2359.3550005819143,nan
2359.994000250504,nan
2360.6420003382423,nan
2361.2760004807346,nan
2361.9060009632544,nan
2362.54900062307,nan
2363.196000398251,nan
2364.4710005174084,nan
2365.7690003110333,nan
2367.0390001422816,nan
2368.307000300607,nan
2369.5980004168323,nan
2370.870000201032,nan
2372.1540002983447,nan
2373.280000175685,nan
2374.7120003932164,nan
2375.338000848664,nan
2375.991000140779,nan
2376.6220003927297,nan
2377.2710001326823,nan
2378.5340002473267,nan
2379.8200004336763,nan
2381.0690004278276,nan
2382.3730002493417,nan
2383.6610011030093,nan
2384.940002322785,nan
2386.2180013118364,nan
2387.3420013460827,nan
2388.778000661263,nan
2390.059000806148,nan
2391.345002003413,nan
2392.6190008474114,nan
2393.8960015547123,nan
2394.3620006618394,nan
2395.163000371609,nan
2396.2830005277583,nan
2397.0910004327625,nan
2397.7340008514457,nan
2398.3700009648846,nan
2399.022002346558,nan
2399.6590008335515,nan
2400.29500083535,nan
2400.9300003935696,nan
2401.5790015686885,nan
2402.2160009848194,nan
2402.8460000184555,nan
2403.4920001557625,nan
2404.12500004603,nan
2404.779000026665,nan
2405.42600016623,nan
2406.0650002430903,nan
2406.7140000458116,nan
2407.3680005756196,nan
2408.0030001188293,nan
2408.6400002675114,nan
2409.269000238022,nan
2409.916000367998,nan
2411.1850001535845,nan
2412.461000009067,nan
2413.7520001854355,nan
2415.023000187718,nan
2416.306000249412,nan
2417.574000143736,nan
2418.853000033163,nan
2420.1310001466563,nan
2421.4160000178435,nan
2422.687000583955,nan
2423.9950001509783,nan
2424.6350000044354,nan
2425.9370008540773,nan
2427.222003063286,nan
2427.850001199612,nan
2428.484000792974,nan
2429.127001707365,nan
2429.75300143208,nan
2430.38600057079,nan
2431.0190005701565,nan
2431.6500003899064,nan
2432.3070018553944,nan
2432.9340004755795,nan
2433.5700008103813,nan
2434.21200196088,nan
2434.866002618207,nan
2435.5060023228652,nan
2436.1440012692474,nan
2437.422000334824,nan
2438.058000168094,nan
2439.3270008057725,nan
2440.6130002363643,nan
2441.9000001790328,nan
2443.2010000583987,nan
2444.3220001894324,nan
2445.754000240272,nan
2447.0210000034126,nan
2448.2960001719744,nan
2449.5830001087356,nan
2450.8440003017745,nan
2452.1370001057285,nan
2453.2650004060683,nan
2454.7040004059263,nan
2455.3430000302856,nan
2455.990000057144,nan
2456.6320003441724,nan
2457.294003183832,nan
2457.925000707794,nan
2458.551000261902,nan
2459.8420022351474,nan
2461.122002363686,nan
2462.4080014249894,nan
2463.671000578259,nan
2464.7870007966385,nan
2466.1990014119324,nan
2467.468001141033,nan
2468.777000348812,nan
2470.073000134631,nan
2471.3500007487505,nan
2472.61900008502,nan
2473.251000145365,nan
2473.9050007847873,nan
2474.5350001059433,nan
2475.1680001180457,nan
2475.7970003066052,nan
2476.458000413513,nan
2477.0990001899045,nan
2477.744000689103,nan
2478.3850009912776,nan
2479.03600222398,nan
2479.675002270982,nan
2480.3130004884442,nan
2480.96200100732,nan
2481.6120018183665,nan
2482.248001167006,nan
2482.8690009391044,nan
2483.4950023526294,nan
2484.1280030250605,nan
2484.7940001555,nan
2485.4390001153033,nan
2486.7070000199774,nan
2487.9880000199364,nan
2489.2790001591648,nan
2490.5650010427835,nan
2491.8160010343745,nan
2492.456000229628,nan
2493.1150012038947,nan
2493.758001540083,nan
2494.383000723101,nan
2495.0060004550432,nan
2495.653001003698,nan
2496.2900009294967,nan
2496.9250002327317,nan
2497.564000227,nan
2498.2100003075907,nan
2498.845000574591,nan
2499.488001385304,nan
2500.140000381763,nan
2501.4460013810685,nan
2502.705000662298,nan
2503.9900001555234,nan
2505.2690002871473,nan
2506.553000387265,nan
2507.8510016819946,nan
2508.493002355238,nan
2509.775001129051,nan
2510.39700084155,nan
2511.0300007668875,nan
2511.662000864504,nan
2512.3080005074403,nan
2512.9370009456434,nan
2514.213000527393,nan
2515.6580002023957,nan
2516.7700000060995,nan
2518.053000725969,nan
2519.2630000562085,nan
2520.2530001289338,nan
2520.825000378888,nan
